Image Name,Image URL,Search Query
[biển hiệu cửa hàng] 0.jpg,https://media.istockphoto.com/id/1901986020/vi/anh/b%E1%BA%A3ng-hi%E1%BB%87u-c%E1%BB%ADa-h%C3%A0ng-tr%E1%BB%91ng-thi%E1%BA%BFt-k%E1%BA%BF-mockup-b%E1%BB%8B-c%C3%B4-l%E1%BA%ADp-x%C3%B3a-m%E1%BA%ABu-bi%E1%BB%83n-b%C3%A1o-c%E1%BB%ADa-h%C3%A0ng-bi%E1%BB%83n-hi%E1%BB%87u-%C4%91%E1%BB%83-tr%C3%ACnh.jpg?s=1024x1024&w=is&k=20&c=tm04MC_oSCuK_dMsxlkALEw7iVDGDmk1_cnPa18AFyQ=,biển hiệu cửa hàng
[biển hiệu cửa hàng] 1.jpg,https://cbu01.alicdn.com/img/ibank/O1CN01HY93kd1j7VePNivWI_!!1662254501-0-cib.jpg,biển hiệu cửa hàng
[biển hiệu cửa hàng] 2.jpg,https://quangcaodongvang.com/wp-content/uploads/2020/03/lam-bien-hieu-cua-hang-tai-hai-phong.jpg,biển hiệu cửa hàng
[biển hiệu cửa hàng] 3.jpg,https://quangcaoledviet.com/wp-content/uploads/2023/06/bien-quang-cao-cua-hang-tien-loi.jpg,biển hiệu cửa hàng
[biển hiệu cửa hàng] 4.jpg,https://lambanghieudep.vn/wp-content/uploads/2023/05/Bang-hieu-cua-hang-dien-thoai-1.jpg,biển hiệu cửa hàng
[biển hiệu cửa hàng] 5.jpg,https://thietkeinanbanghieu.com/wp-content/uploads/2024/04/bien-quang-cao-cua-hang-dien-thoai-4.jpg,biển hiệu cửa hàng
[biển hiệu cửa hàng] 6.jpg,https://quangcaox.vn/upload/product/30/300/bang-hieu-shop-me-va-be-16-1020x570.jpg,biển hiệu cửa hàng
[biển hiệu cửa hàng] 7.jpg,https://pendecor.vn/uploads/files/2020/11/03/nhung-thiet-ke-shop-tui-xach-duoc-ua-chuong-hien-nay-1.jpg,biển hiệu cửa hàng
[biển hiệu cửa hàng] 8.jpg,https://baokhanhhoa.vn/file/e7837c02857c8ca30185a8c39b582c03/dataimages/201804/original/images5329796_IMG_4694.JPG,biển hiệu cửa hàng
[biển hiệu cửa hàng] 9.jpg,https://quangcaogiarehcm.vn/image/480/350/1/0/project/thumb/78581a30f011104f4900.jpg,biển hiệu cửa hàng
[biển hiệu cửa hàng] 10.jpg,https://quangcaophuongdong.vn/wp-content/uploads/2018/06/bien-dai-ly-cho-thuong-hieu-5.jpg,biển hiệu cửa hàng
[biển hiệu cửa hàng] 11.jpg,https://saigoncpa.vn/uploads/source/BLOG/b%E1%BA%A3ng%20hi%E1%BB%87u/Bien-bat-khung-sat-2.jpg,biển hiệu cửa hàng
[biển hiệu cửa hàng] 12.jpg,https://thietkeinanbanghieu.com/wp-content/uploads/2024/04/3-mau-bang-quang-cao-dien-thoai-lam-bang-vien-mica.jpg,biển hiệu cửa hàng
[biển hiệu cửa hàng] 13.jpg,https://thietkeinanbanghieu.com/wp-content/uploads/2020/04/banghieu-trasua-1.jpg,biển hiệu cửa hàng
[biển hiệu cửa hàng] 14.jpg,https://quangcaoledviet.com/wp-content/uploads/2023/06/bien-hieu-cua-hang-tien-loi-dep.jpg,biển hiệu cửa hàng
[biển hiệu cửa hàng] 15.jpg,https://banghieuviet.org/wp-content/uploads/2022/12/bang-hieu-dien-nuoc.jpg,biển hiệu cửa hàng
[biển hiệu cửa hàng] 16.jpg,https://bizweb.dktcdn.net/100/219/709/products/350-bien-cua-hang-ca-canh.jpg?v=1665813275037,biển hiệu cửa hàng
[biển hiệu cửa hàng] 17.jpg,https://quangcaominhloi.com/wp-content/uploads/2020/02/b%E1%BA%A3ng-hi%E1%BB%87u-alu-b%E1%BA%BFn-tre-gi%C3%A1-r%E1%BA%BB-890x530.jpg,biển hiệu cửa hàng
[biển hiệu cửa hàng] 18.jpg,https://lh3.googleusercontent.com/proxy/S53SXiyBqDK3J0ufRP-1QR4qFEx6GYvrbFwUSknwnannRsiYPJ9MCro7dPwSFdU69ZyC-gpBebyLUHUBxgY-xXZVj9bRuUIUUdXECkbKrJE2kCBb4OtUwDozLX1aVdP2TU4,biển hiệu cửa hàng
[biển hiệu cửa hàng] 19.jpg,https://bizweb.dktcdn.net/100/386/026/files/kien-thuc-den-led-ledhanquoc-blog-129.jpg?v=1603869346684,biển hiệu cửa hàng
[biển hiệu cửa hàng] 20.jpg,https://quangcaodongpha.com/uploads/source/z5750519337029-ca43a26345cb0a6728fd017534dc4ca0.jpg,biển hiệu cửa hàng
[biển hiệu cửa hàng] 21.jpg,https://tuongminh.com.vn/wp-content/uploads/2020/08/1-1-1024x683.jpg,biển hiệu cửa hàng
[biển hiệu cửa hàng] 22.jpg,https://bizweb.dktcdn.net/thumb/1024x1024/100/496/263/products/watermarked-vn-11134207-7r98o-ll00zumymcbh96-jpeg-57dae597-531a-40f5-8d2a-0f30cbe24096.jpg?v=1711009119200,biển hiệu cửa hàng
[biển hiệu cửa hàng] 23.jpg,https://thegioibienquangcao.com/wp-content/uploads/2023/08/1012_1.jpg,biển hiệu cửa hàng
[biển hiệu cửa hàng] 24.jpg,https://pendecor.vn/uploads/files/2021/12/13/thiet-ke-bang-hieu-1.jpg,biển hiệu cửa hàng
[biển hiệu cửa hàng] 25.jpg,https://quangcaotlp.com/wp-content/uploads/2019/07/bien-quang-cao-dep-2.jpg,biển hiệu cửa hàng
[biển hiệu cửa hàng] 26.jpg,https://quangcaotruongphat.com/upload/images/lam-bang-hieu-o-binh-duong-7-1371.jpg,biển hiệu cửa hàng
[biển hiệu cửa hàng] 28.jpg,https://quangcaoledviet.com/wp-content/uploads/2023/08/bien-quang-cao-shop-my-pham.jpg,biển hiệu cửa hàng
[biển hiệu cửa hàng] 29.jpg,https://banghieuviet.org/wp-content/uploads/2022/12/bang-hieu-vat-lieu-xay-dung-1.jpg,biển hiệu cửa hàng
[biển hiệu cửa hàng] 30.jpg,https://thanhanadv.com/wp-content/uploads/2020/06/bien-hieu-quang-cao-dien-nuoc-5.jpg,biển hiệu cửa hàng
[biển hiệu cửa hàng] 31.jpg,https://quangcaocuonganh.com/ckfinder/userfiles/images/bien-quang-cao-shop-me-va-be.jpg,biển hiệu cửa hàng
[biển hiệu cửa hàng] 32.jpg,https://quangcaonhat.com/wp-content/uploads/2020/08/mau-bien-hieu-cua-hang-scaled.jpg,biển hiệu cửa hàng
[biển hiệu cửa hàng] 34.jpg,https://bienquangcaobaohan.vn/wp-content/uploads/2023/06/bien-hieu-cua-hang-chat-lieu-alu.jpg,biển hiệu cửa hàng
[biển hiệu cửa hàng] 35.jpg,https://penviet.com/wp-content/uploads/2022/09/bien-hieu-phu-kien-dien-thoai-dep-hut-hon-2-1024x838.jpg,biển hiệu cửa hàng
[biển hiệu cửa hàng] 36.jpg,https://appro.com.vn/wp-content/uploads/2020/09/bang-hieu-shop-the-thao-1.jpg,biển hiệu cửa hàng
[biển hiệu cửa hàng] 37.jpg,https://quangcaotaybac.com/wp-content/uploads/2020/03/bien-quang-cao-gom-su-bat-trang-1.jpg,biển hiệu cửa hàng
[biển hiệu cửa hàng] 39.jpg,https://banghieuquangcaopro.com/upload/assets/fm/20230301/nc09-102a2-huynh-van-banh-phuong-15-quan-phu-nhuan-1666586448.jpg?v=1677666650,biển hiệu cửa hàng
[biển hiệu cửa hàng] 40.jpg,https://bienquangcaohn.net/wp-content/uploads/2019/04/bien-quang-cao-cua-hang-vang-bac-4-1.jpg,biển hiệu cửa hàng
[biển hiệu cửa hàng] 41.jpg,https://quangcaophang.com/uploads/news/2020_08/bang-hieu-cua-hang.jpg,biển hiệu cửa hàng
[biển hiệu cửa hàng] 42.jpg,https://blogger.googleusercontent.com/img/b/R29vZ2xl/AVvXsEiLa73JQVgWWLc8V-07vKUqtUTNi5uDzKKOBA4HkOw-Kj-TYAAi1StnnF8fB36RW480vSPmPEqngPUyR4QnoCNooEb6_gqh89rdqWV9EQK2xE34-NnR3wvvZ9Cqap2jz-238SB-dDOQCiisrRdmiuYNCh6bnwoCf2m4XSYEeOdnD6V0UfM6MPRpyACVEpw1/s16000/bang-hieu-cua-hang-gao-2.jpg,biển hiệu cửa hàng
[biển hiệu cửa hàng] 43.jpg,https://cheapadv247.com/wp-content/uploads/2019/11/bang-hieu-ca-phe-trung-nguyen.jpg,biển hiệu cửa hàng
[biển hiệu cửa hàng] 44.jpg,https://q8laservietnam.vn/wp-content/uploads/2022/07/bang-hieu-tap-hoa-3.jpeg,biển hiệu cửa hàng
[biển hiệu cửa hàng] 45.jpg,https://q8laservietnam.vn/wp-content/uploads/2022/08/bang-hieu-cua-hang-gas-2.jpg,biển hiệu cửa hàng
[biển hiệu cửa hàng] 46.jpg,https://quangcaocuonganh.com/ckfinder/userfiles/images/cua-hang-tien-loi-24h-1.jpg,biển hiệu cửa hàng
[biển hiệu cửa hàng] 47.jpg,https://thegioibienquangcao.com/wp-content/uploads/2023/08/271202895_296386585858663_1409604582887199899_n.jpg,biển hiệu cửa hàng
[biển hiệu cửa hàng] 48.jpg,https://bienhieudep.vn/wp-content/uploads/2019/08/bien-mat-dung-alu6-300x208.jpg,biển hiệu cửa hàng
[biển hiệu cửa hàng] 49.jpg,https://banghieuminhkhang.com/upload/sanpham/Bang-hieu-2/bang-hieu-van-phong-pham-9.jpg,biển hiệu cửa hàng
[biển hiệu cửa hàng] 50.jpg,https://congtyquangcaogiare.com/wp-content/uploads/2023/12/bang-hieu-cua-hang-dien-nuoc-2.jpg,biển hiệu cửa hàng
[biển hiệu cửa hàng] 51.jpg,https://lh6.googleusercontent.com/proxy/F0Trwocnb0kLw60ieWDQYU38VWZJ2yY6zLs9hS39NPLZ6xuLy07h_YWG-W4dIjnFiEixrzEBSE-JVw,biển hiệu cửa hàng
[biển hiệu cửa hàng] 52.jpg,https://quangcaophang.com/uploads/news/2020_08/bien-hieu-cua-hang-dep_700_525.jpg,biển hiệu cửa hàng
[biển hiệu cửa hàng] 53.jpg,https://giahuyad.com/upload/elfinder/CONTENT%20SEO/BIEN%20HIEU%20CUA%20HANG%20DIEN%20NUOC/4-mau-bien-quang-cao-dien-nuoc-co-thuong-hieu-tai-tro-va-ten-san-pham-chinh-cua-cua-hang.jpg,biển hiệu cửa hàng
[biển hiệu cửa hàng] 54.jpg,https://saigoncpa.vn/uploads/source/BLOG/b%E1%BA%A3ng%20hi%E1%BB%87u/thi-cong-bien-hieu-1.jpg,biển hiệu cửa hàng
[biển hiệu cửa hàng] 55.jpg,https://quangcaophutho.vn/wp-content/uploads/2023/12/bien-hieu-cua-hang-uy-tin.jpeg,biển hiệu cửa hàng
[biển hiệu cửa hàng] 56.jpg,https://phucloiviet.com/wp-content/uploads/2021/12/bien-bang-ten-cong-ty-17.jpg,biển hiệu cửa hàng
[biển hiệu cửa hàng] 57.jpg,https://lambangquangcaodep.com/upload/images/bang-hieu-cua-hang-dien-thoai-2.jpg,biển hiệu cửa hàng
[biển hiệu cửa hàng] 58.jpg,https://lambienhieu.vn/wp-content/uploads/2020/05/bien-hieu-quang-cao-cua-hang-2-300x300.jpg,biển hiệu cửa hàng
[biển hiệu cửa hàng] 59.jpg,https://quangcaophutho.vn/wp-content/uploads/2023/12/bieu-hieu-cua-hang.jpg,biển hiệu cửa hàng
[biển hiệu cửa hàng] 60.jpg,https://ledcolour.com/wp-content/uploads/2016/07/bien-hieu-cua-hang-thoi-trong-thuy-linh-500x281.jpg,biển hiệu cửa hàng
[biển hiệu cửa hàng] 61.jpg,https://treobangron.com.vn/wp-content/uploads/2022/07/bang-hieu-tap-hoa-38.jpg,biển hiệu cửa hàng
[biển hiệu cửa hàng] 62.jpg,https://lambienquangcao.org/wp-content/uploads/2020/08/bien-hieu-dien-thoai-lanh-dung.jpg,biển hiệu cửa hàng
[biển hiệu cửa hàng] 64.jpg,https://mythuat1a.com/Upload/images/bi%E1%BB%83n%20hi%E1%BB%87u%20c%E1%BB%ADa%20h%C3%A0ng%20ti%E1%BB%87n%20l%E1%BB%A3i%20t%E1%BA%A1i%20%C4%91%C3%A0%20n%E1%BA%B5ng.jpg,biển hiệu cửa hàng
[biển hiệu cửa hàng] 65.jpg,https://lh5.googleusercontent.com/proxy/EXhMwCEXq1NyaFctypn6RBJakyWs_vdehFYYL242eyolSOI8cB2Joy7FW56Pb_mHU-MZCU_FPFdPMuekguDhZAYa,biển hiệu cửa hàng
[biển hiệu cửa hàng] 66.jpg,https://bienquangcaobaohan.vn/wp-content/uploads/2023/06/43.jpg,biển hiệu cửa hàng
[biển hiệu cửa hàng] 67.jpg,https://quangcaox.vn/upload/product/22/226/bang-hieu-tap-hoa-1-780x440.jpg,biển hiệu cửa hàng
[biển hiệu cửa hàng] 68.jpg,https://q8laser.com/wp-content/uploads/2021/01/bien-quang-cao-cua-hang-2.jpg,biển hiệu cửa hàng
[biển hiệu cửa hàng] 70.jpg,https://giahuyad.com/upload/news/11-mau-bien-quang-cao-cua-hang-dien-nuoc-lam-noi-bat-thuong-hieu-tai-tro-va-ten-cong-ty-7366.jpg,biển hiệu cửa hàng
[biển hiệu cửa hàng] 71.jpg,https://quangcaoledviet.com/wp-content/uploads/2023/06/mau-bien-hieu-cua-hang-tien-loi.jpg,biển hiệu cửa hàng
[biển hiệu cửa hàng] 72.jpg,https://bienquangcaohl.com.vn/wp-content/uploads/2023/09/bien-quang-cao-banh-mi-17.jpg,biển hiệu cửa hàng
[biển hiệu cửa hàng] 74.jpg,https://quangcaotrungcao.com/wp-content/uploads/2021/06/bien-hieu-thu-cung-dep.jpg,biển hiệu cửa hàng
[biển hiệu cửa hàng] 75.jpg,https://tuongminh.com.vn/wp-content/uploads/2020/06/4-15-1024x683.jpg,biển hiệu cửa hàng
[biển hiệu cửa hàng] 76.jpg,https://invaquangcaochuyennghiep.com/upload/images/lam-bien-quang-cao-bang-hieu-bat-hiflex-1.jpg,biển hiệu cửa hàng
[biển hiệu cửa hàng] 77.jpg,https://invaquangcaochuyennghiep.com/upload/img/products/lam-bien-quang-cao-bang-hieu-dep-1.jpg,biển hiệu cửa hàng
[biển hiệu cửa hàng] 78.jpg,https://chuinoxvang.com/upload/images/bang-hieu-cua%20hang-dien-nuoc.jpg,biển hiệu cửa hàng
[biển hiệu cửa hàng] 79.jpg,https://duyan.vn/wp-content/uploads/2023/10/bang-hieu-shop-quan-ao.jpg,biển hiệu cửa hàng
[biển hiệu cửa hàng] 80.jpg,https://quangcaox.vn/upload/product/29/297/bang-hieu-dien-nuoc-1-1000x1000.jpg,biển hiệu cửa hàng
[biển hiệu cửa hàng] 81.jpg,https://bienquangcaobaohan.vn/wp-content/uploads/2023/06/bien-hieu-cua-hang.jpg,biển hiệu cửa hàng
[biển hiệu cửa hàng] 82.jpg,https://blogger.googleusercontent.com/img/b/R29vZ2xl/AVvXsEhzsgcdaGWtgXfwm7qz0Z90EJtRhLKq6y-8Pdt34JkF2tUz4068CKpTfGnoxo9RvfK3Mfc7UnvwJHDHi9sn4eG65O4E8eFcKRl9WXYCTnnqsY_IVY_B4rouep4fHzdqGdYJRBxBwuJkv4BzyR_Zbe1jnob_udxhtOLKZjzP7kE7qN54cpFLvt2qWiuJKqMX/s16000/bang-hieu-cua-hang-gao.jpg,biển hiệu cửa hàng
[biển hiệu cửa hàng] 83.jpg,https://quangcaotaybac.com/wp-content/uploads/2020/07/bien-quang-cao-thoi-trang-charmilles.jpg,biển hiệu cửa hàng
[biển hiệu cửa hàng] 84.jpg,https://quangcaodanan.com/uploads/images/bien-me-va-be.jpg,biển hiệu cửa hàng
[biển hiệu cửa hàng] 85.jpg,https://cuanhombienhoa.com.vn/public/userfiles/product/bang-hieu-toc-dep.jpg,biển hiệu cửa hàng
[biển hiệu cửa hàng] 86.jpg,https://anhhuy.tv/wp-content/uploads/2020/03/lam-bien-hieu-quang-cao-tai-da-nang-led-alu-mica-anhhuy-tv-1.jpg,biển hiệu cửa hàng
[biển hiệu cửa hàng] 87.jpg,https://thegioimoidesign.com/wp-content/uploads/sites/145/2022/01/bang-hieu-dai-ly-gas.jpg,biển hiệu cửa hàng
[biển hiệu cửa hàng] 88.jpg,https://thanhanadv.com/wp-content/uploads/2020/09/bien-quang-cao-cua-hang-2.jpg,biển hiệu cửa hàng
[biển hiệu cửa hàng] 89.jpg,https://dinhphanadv.com/wp-content/uploads/2023/08/bang-hieu-cua-hang-dien-thoai-3.jpg,biển hiệu cửa hàng
[biển hiệu cửa hàng] 90.jpg,https://thegioibienquangcao.com/wp-content/uploads/2023/08/300442138_486524333479127_417051811030598847_n.jpg,biển hiệu cửa hàng
[biển hiệu cửa hàng] 91.jpg,https://cdn-www.vinid.net/95df55a5-bien-hieu-cua-hang-tap-hoa-1.jpg,biển hiệu cửa hàng
[biển hiệu cửa hàng] 92.jpg,https://shopbienquangcao.com/wp-content/uploads/2023/12/bang-hieu-tap-hoa-2.jpg,biển hiệu cửa hàng
[biển hiệu cửa hàng] 93.jpg,https://banghieuminhkhang.com/thumbs/large/sanpham/Bang-hieu-2/bien-hieu-cua-hang-4.jpg,biển hiệu cửa hàng
[biển hiệu cửa hàng] 94.jpg,https://cdn-www.vinid.net/e71aee61-bien-hieu-cua-hang-tap-hoa-3.jpg,biển hiệu cửa hàng
[biển hiệu cửa hàng] 95.jpg,https://banghieualu.com.vn/wp-content/uploads/2021/05/bien-hieu-alu-chu-noi-mica-03.jpg,biển hiệu cửa hàng
[biển hiệu cửa hàng] 96.jpg,https://bizweb.dktcdn.net/100/351/312/files/bien-quang-cao-dep-quang-cao-3h-f69aa651-0f1d-4a8e-bf60-86b9b2af4b92.jpg?v=1584095760151,biển hiệu cửa hàng
[biển hiệu cửa hàng] 97.jpg,https://bienhieudep.vn/wp-content/uploads/2023/02/96d00613e82832766b39-1-879x1024.jpg,biển hiệu cửa hàng
[biển hiệu cửa hàng] 101.jpg,https://lambienhieu.vn/wp-content/uploads/2020/05/bien-hieu-quang-cao-dien-thoai-10.jpg,biển hiệu cửa hàng
[biển hiệu cửa hàng] 102.jpg,https://giahuyad.com/upload/elfinder/CONTENT%20SEO/BIEN%20HIEU%20CUA%20HANG%20DIEN%20NUOC/1-mau-bang-hieu-dien-nuoc-thong-dung.jpg,biển hiệu cửa hàng
[biển hiệu cửa hàng] 103.jpg,https://appro.com.vn/wp-content/uploads/2020/08/bang-hieu-cua-hang-6.jpg,biển hiệu cửa hàng
[biển hiệu cửa hàng] 104.jpg,https://quangcaotoanan.com/wp-content/uploads/2020/08/lam-bien-hieu-cua-hang.jpg,biển hiệu cửa hàng
[biển hiệu cửa hàng] 105.jpg,https://quangcaox.vn/upload/product/29/297/bang-hieu-dien-nuoc-2-1020x570.jpg,biển hiệu cửa hàng
[biển hiệu cửa hàng] 106.jpg,https://thicongbangquangcao24h.com/wp-content/uploads/2020/06/bang-hiau-ca_a-hang-tian-lai-2.jpg,biển hiệu cửa hàng
[biển hiệu cửa hàng] 108.jpg,https://q8laser.com/wp-content/uploads/2021/03/bien-quang-cao-sieu-thi.jpg,biển hiệu cửa hàng
[biển hiệu cửa hàng] 109.jpg,https://webxaydung.net/wp-content/uploads/2018/08/mau-bien-quang-cao-cua-hang-may-tinh-dien-may-3.jpg,biển hiệu cửa hàng
[biển hiệu cửa hàng] 110.jpg,https://sangtaodecor.vn/uploads/plugin/product_items/447/lam-bang-hieu-cong-ty-cua-hang-dai-ly-phan-phoi-1.jpg,biển hiệu cửa hàng
[biển hiệu cửa hàng] 111.jpg,https://banghieucongty.com/wp-content/uploads/2018/09/bang-hieu-dai-ly-son-nuoc1-700x403.jpg,biển hiệu cửa hàng
[biển hiệu cửa hàng] 112.jpg,https://thegioimoidesign.com/wp-content/uploads/sites/145/2022/08/bang-hieu-cua-hang-dien-nuoc.jpg,biển hiệu cửa hàng
[biển hiệu cửa hàng] 113.jpg,https://lh4.googleusercontent.com/proxy/sTSegHFWM8tW4qTef0c8a8uR9ukxB7Dzi5c86V7hIushN39weQLUjvXly2pOm9qk5imZ1G0jtTlgu6FLxJdCp-894SWkS3k8KfFwcz39Ng0X4cZb21qUh0p60p26Vi38peeP9oeESPiopnuzLs3QH59Y5PX3Uok,biển hiệu cửa hàng
[biển hiệu cửa hàng] 114.jpg,https://lambienquangcao.org/wp-content/uploads/2019/08/bien-quang-cao-cua-hang-vat-lieu-xay-dung-600x385.jpg,biển hiệu cửa hàng
[biển hiệu cửa hàng] 115.jpg,https://quangcaophuongdong.vn/wp-content/uploads/2022/09/dia-chi-lam-bien-quang-cao-shop-hoa-tuoi-tai-quang-ninh.jpg,biển hiệu cửa hàng
[biển hiệu cửa hàng] 116.jpg,https://bizweb.dktcdn.net/100/351/312/files/bien-cua-hang-tien-loi-0985343400.jpg?v=1583987879796,biển hiệu cửa hàng
[biển hiệu cửa hàng] 117.jpg,https://cdn.thuvienphapluat.vn/phap-luat/2022-2/THN/BIEN-HIEU-KINH-DOANH.jpg,biển hiệu cửa hàng
[biển hiệu cửa hàng] 118.jpg,https://xuongquangcao.vn/wp-content/uploads/2023/04/14-1.jpg,biển hiệu cửa hàng
[biển hiệu cửa hàng] 119.jpg,https://thanhanadv.com/wp-content/uploads/2020/12/bien-hieu-quang-cao-phu-kien-dien-thoai-7.jpg,biển hiệu cửa hàng
[biển hiệu cửa hàng] 120.jpg,https://webxaydung.net/wp-content/uploads/2018/09/bien-quang-cao-cua-hang-quan-ao-thoi-trang-2.jpg,biển hiệu cửa hàng
[biển hiệu cửa hàng] 122.jpg,https://appro.com.vn/wp-content/uploads/2020/09/bang-hieu-shop-the-thao-5.jpg,biển hiệu cửa hàng
[biển hiệu cửa hàng] 123.jpg,https://shopbienquangcao.com/wp-content/uploads/2023/12/bang-hieu-tap-hoa-5.jpg,biển hiệu cửa hàng
[biển hiệu cửa hàng] 126.jpg,https://quangcaoiq.vn/wp-content/uploads/2023/12/bien-quang-cao-cua-hang-dien-nuoc-1024x576.jpg,biển hiệu cửa hàng
[biển hiệu cửa hàng] 128.jpg,https://phucloiviet.vn/wp-content/uploads/2021/01/thi-cong-bang-hieu-quang-cao-thien-nhan-phu-da-nang-1.jpg,biển hiệu cửa hàng
[biển hiệu cửa hàng] 129.jpg,https://thuonghieuhaiphong.net/upload/data/images/kim%20quy%203.jpg,biển hiệu cửa hàng
[biển hiệu cửa hàng] 130.jpg,https://xuongkien.com/wp-content/uploads/2020/11/20201109_112819-1-1024x717.jpg,biển hiệu cửa hàng
[biển hiệu cửa hàng] 131.jpg,https://tuongcaygia.vn/wp-content/uploads/2019/08/gian-hoa-hong-dep.jpg,biển hiệu cửa hàng
[biển hiệu cửa hàng] 132.jpg,https://posapp.vn/wp-content/uploads/2021/01/bang-hieu-cang-bat.jpg,biển hiệu cửa hàng
[biển hiệu cửa hàng] 133.jpg,https://shopbienquangcao.com/wp-content/uploads/2023/12/bang-hieu-tap-hoa-1.jpg,biển hiệu cửa hàng
[biển hiệu cửa hàng] 134.jpg,https://duyan.vn/wp-content/uploads/2023/10/cac-loai-bien-hieu-cua-hang-nho-hien-nay.jpg,biển hiệu cửa hàng
[biển hiệu cửa hàng] 135.jpg,https://lambienled.vn/wp-content/uploads/2022/11/1669046784_Tron-Bo-30-Mau-Bien-Hieu-Quang-Cao-Dep-Cho.jpg?v=1669653860,biển hiệu cửa hàng
[biển hiệu cửa hàng] 137.jpg,https://congtyquangcaogiare.com/wp-content/uploads/2023/12/bang-hieu-cua-hang-tien-loi-2.jpg,biển hiệu cửa hàng
[biển hiệu cửa hàng] 138.jpg,https://quangcaothanglong.vn/media/data/users/12/tu-van/2023/09/bien-cua-hang-phong-thuy/bien-cua-hang-1.jpg,biển hiệu cửa hàng
[biển hiệu cửa hàng] 139.jpg,https://nguyenlongidea.com/wp-content/uploads/2024/05/bang-hieu-shop-quan-ao-nu-5.jpg,biển hiệu cửa hàng
[biển hiệu cửa hàng] 140.jpg,https://vatlieucnc.com/wp-content/uploads/2024/01/bien-hieu-cua-hang-05.jpg,biển hiệu cửa hàng
[biển hiệu cửa hàng] 141.jpg,https://q8laser.com/wp-content/uploads/2021/03/bien-quang-cao-gas-3.jpg,biển hiệu cửa hàng
[biển hiệu cửa hàng] 142.jpg,https://bizweb.dktcdn.net/100/351/312/files/bien-quang-cao-dep-0985343400-7527bc43-40c5-47a3-a2d3-ab303b697c76.jpg?v=1584096050437,biển hiệu cửa hàng
[biển hiệu cửa hàng] 143.jpg,https://lambienhieu.vn/wp-content/uploads/2020/05/bang-hieu-quang-cao-dien-lanh-3.jpg,biển hiệu cửa hàng
[biển hiệu cửa hàng] 144.jpg,https://chohanghoa.com.vn/wp-content/uploads/2020/02/bien-quang-cao-cua-hang-thoi-trang-10.jpg,biển hiệu cửa hàng
[biển hiệu cửa hàng] 145.jpg,https://bizweb.dktcdn.net/100/219/709/products/270-bien-bat.jpg?v=1616127981067,biển hiệu cửa hàng
[biển hiệu cửa hàng] 146.jpg,https://thegioibienquangcao.com/wp-content/uploads/2020/07/bien-hieu-kinh-mat-doll-eyes.jpg,biển hiệu cửa hàng
[biển hiệu cửa hàng] 148.jpg,https://bienhieudep.vn/wp-content/uploads/2021/06/bang-hieu-shop-thoi-trang-nu-thoi-thuong-1.jpg,biển hiệu cửa hàng
[biển hiệu cửa hàng] 150.jpg,https://quangcaongoaitroi.vn/wp-content/uploads/2020/12/Bien-hieu-cua-hang-3.jpg,biển hiệu cửa hàng
[biển hiệu cửa hàng] 151.jpg,https://bienhieudep.vn/wp-content/uploads/2021/07/bienhieudep.vn-bien-hieu-thuoc-10-1-300x174.jpg,biển hiệu cửa hàng
[biển hiệu cửa hàng] 152.jpg,https://lambienhieu.vn/wp-content/uploads/2020/05/bien-hieu-quang-cao-cua-hang-4.jpg,biển hiệu cửa hàng
[biển hiệu cửa hàng] 155.jpg,https://danangadv.com/wp-content/uploads/2021/09/bang-quang-cao-cua-hang-dong-phuc-da-nang.jpg,biển hiệu cửa hàng
[biển hiệu cửa hàng] 156.jpg,https://quangcaophang.com/uploads/page/bang-hieu-cua-hang-ruou-01.jpg,biển hiệu cửa hàng
[biển hiệu cửa hàng] 157.jpg,https://lambienquangcaohanoi.vn/wp-content/uploads/2017/02/anh-fb-03-scaled-1.jpg,biển hiệu cửa hàng
[biển hiệu cửa hàng] 159.jpg,https://cdn-www.vinid.net/6b8cab4a-bien-hieu-cua-hang-tap-hoa-7.jpg,biển hiệu cửa hàng
[biển hiệu cửa hàng] 160.jpg,https://quangcaoart.com/wp-content/uploads/2017/11/bang-hieu-shop-02-1-scaled.jpg,biển hiệu cửa hàng
[biển hiệu cửa hàng] 161.jpg,https://quangcaotienloc.com/wp-content/uploads/2022/05/cua-hang-lam-bien-quang-cao-tai-dong-coi-thuan-thanh.jpg,biển hiệu cửa hàng
[biển hiệu cửa hàng] 162.jpg,https://aloquangcao.net/wp-content/uploads/2018/08/lam-bang-hieu-quang-cao--1024x682.jpg,biển hiệu cửa hàng
[biển hiệu cửa hàng] 163.jpg,https://congmanh.com/wp-content/uploads/2020/12/Picture20.jpg,biển hiệu cửa hàng
[biển hiệu cửa hàng] 164.jpg,https://lambangquangcaodep.com/upload/images/bang-hieu-shop-my-pham-1.jpg,biển hiệu cửa hàng
[biển hiệu cửa hàng] 165.jpg,https://quangcaogiaredanang.com/wp-content/uploads/2023/01/lam-bang-hieu-quan-tan-phu.jpg,biển hiệu cửa hàng
[biển hiệu cửa hàng] 166.jpg,https://quangcaonamson.com.vn/wp-content/uploads/2021/12/unnamed.jpg,biển hiệu cửa hàng
[biển hiệu cửa hàng] 167.jpg,https://cdn.thuvienphapluat.vn/phap-luat/2022-2/KL/ghi-bien-hieu-khong-dung-quy-dinh-bi-phat-bao-nhieu.jpg,biển hiệu cửa hàng
[biển hiệu cửa hàng] 168.jpg,https://appro.com.vn/wp-content/uploads/2020/08/bang-hieu-cua-hang-12.jpg,biển hiệu cửa hàng
[biển hiệu cửa hàng] 169.jpg,https://quangcaostar.vn/wp-content/uploads/2023/11/bien-hieu-cua-hang-quan-ao-8.jpg,biển hiệu cửa hàng
[biển hiệu cửa hàng] 170.jpg,https://banghieuminhkhang.com/upload/sanpham/bang-hieu-3/bang-hieu-cua-hang-may-tinh-4.jpg,biển hiệu cửa hàng
[biển hiệu cửa hàng] 171.jpg,https://giaphatgroup.com.vn/wp-content/uploads/2023/04/mau-bien-alu-2-300x300.jpg,biển hiệu cửa hàng
[biển hiệu cửa hàng] 172.jpg,https://quangcaominhlong.vn/wp-content/uploads/2022/05/bien-hieu-quang-cao-shop-me-va-be-bep-me-bong-2.jpg,biển hiệu cửa hàng
[biển hiệu cửa hàng] 173.jpg,https://quangcaotaybac.com/wp-content/uploads/2021/05/thi-cong-bien-hieu-trang-suc-thien-trang.jpg,biển hiệu cửa hàng
[biển hiệu cửa hàng] 174.jpg,https://quangcaosacmau.com/wp-content/uploads/2022/06/AD50A080-36A6-4A7E-B5AB-E12F480A8870.jpeg,biển hiệu cửa hàng
[biển hiệu cửa hàng] 175.jpg,https://bizweb.dktcdn.net/100/219/709/products/270-bien-hieu-cua-hang.jpg?v=1612857095983,biển hiệu cửa hàng
[biển hiệu cửa hàng] 177.jpg,https://chuinoxvang.com/upload/images/bang-hieu-cua-hang-sua.jpg,biển hiệu cửa hàng
[biển hiệu cửa hàng] 178.jpg,https://quangcaominhlong.vn/wp-content/uploads/2021/10/bien-hieu-showwroom-hai-phong2.jpg,biển hiệu cửa hàng
[biển hiệu cửa hàng] 179.jpg,https://cheapadv247.com/wp-content/uploads/2020/03/lam-bang-hieu-tai-cheapadv247-1-6-1024x768.jpg,biển hiệu cửa hàng
[biển hiệu cửa hàng] 180.jpg,https://quangcaogiare.com.vn/upload/images/L%C3%A0m%20b%E1%BA%A3ng%20hi%E1%BB%87u%20c%E1%BB%ADa%20h%C3%A0ng%20gi%E1%BA%B7t%20s%E1%BA%A5y.jpg,biển hiệu cửa hàng
[biển hiệu cửa hàng] 181.jpg,https://cheapadv247.com/wp-content/uploads/2020/08/lam-bang-hieu-shop-chepadv2473-1024x768.jpg,biển hiệu cửa hàng
[biển hiệu cửa hàng] 182.jpg,https://quangcaostar.vn/wp-content/uploads/2023/03/Thiet-ke-thi-cong-bien-hieu-quang-cao-cua-hang-showroom-04.jpg,biển hiệu cửa hàng
[biển hiệu cửa hàng] 184.jpg,https://lh6.googleusercontent.com/proxy/GIO1JqLA30IDRIWFSORqN6r659ALMPq5DkwUsftJiszSE7DsufDXMPZbv2wAedoVpooBCGbKpEHV0QLEhNytORdYGsk2FpzNPRq0vgXUegWYoaDmvQ68ZP2G_ll754qH2fHq-xY1yLY,biển hiệu cửa hàng
[biển hiệu cửa hàng] 185.jpg,https://static.tuoitre.vn/tto/i/s626/2016/05/15/c4749fcb.jpg,biển hiệu cửa hàng
[biển hiệu cửa hàng] 186.jpg,https://baodongnai.com.vn/file/e7837c02876411cd0187645a2551379f/032024/7_1_20240315151117.jpg,biển hiệu cửa hàng
[biển hiệu cửa hàng] 187.jpg,https://quangcaonhat.com/wp-content/uploads/2022/03/z2233894235295_36a2ac275a225d3108708d38b16764a1.jpg,biển hiệu cửa hàng
[biển hiệu cửa hàng] 188.jpg,https://anhsaothien.com/wp-content/uploads/2019/04/Bi%E1%BB%83n-hi%E1%BB%87u-alu-chu%E1%BB%97i-c%E1%BB%ADa-h%C3%A0ng-kis-pl%C3%A2z.jpg,biển hiệu cửa hàng
[biển hiệu cửa hàng] 189.jpg,https://quangcaothaibinh.com/upload/product/18-2-2020/hien-2-59.jpg,biển hiệu cửa hàng
[biển hiệu cửa hàng] 190.jpg,https://quangcaonhat.com/wp-content/uploads/2022/04/62e754ddfe9919c74088-1024x538.jpg,biển hiệu cửa hàng
[biển hiệu cửa hàng] 191.jpg,https://quangcaonetviet.com/wp-content/uploads/2021/08/bien-quang-cao-cua-hang-hoa-qua-nhap-khau-12-min.jpg,biển hiệu cửa hàng
[biển hiệu cửa hàng] 192.jpg,https://xuongquangcao.vn/wp-content/uploads/2023/04/29.jpg,biển hiệu cửa hàng
[biển hiệu cửa hàng] 194.jpg,https://quangcaotuonglai.com/wp-content/uploads/2023/03/cua-hang-vang-bac.jpg,biển hiệu cửa hàng
[biển hiệu cửa hàng] 195.jpg,https://sackim.com/wp-content/uploads/2023/03/viec-lap-dat-bang-hieu-se-giup-khach-hang-nhan-dien-duoc-cua-hang-co-khi-tot-hon.jpg,biển hiệu cửa hàng
[biển hiệu cửa hàng] 196.jpg,https://bienquangcaohl.com.vn/wp-content/uploads/2023/08/bien-quang-cao-hoa-tuoi-2.jpg,biển hiệu cửa hàng
[biển hiệu cửa hàng] 197.jpg,https://media.bizwebmedia.net/sites/90641/data/Upload/2020/2/957cd23662909acec381.jpg,biển hiệu cửa hàng
[biển hiệu cửa hàng] 198.jpg,https://d2982v1kx1yg3x.cloudfront.net/wp-content/uploads/2021/02/Mau-bang-hieu-salon-1.jpg,biển hiệu cửa hàng
[biển hiệu cửa hàng] 199.jpg,https://khonggiansach.org/media/images/ve-sinh-bang-bien-hieu.jpg,biển hiệu cửa hàng
[biển hiệu cửa hàng] 200.jpg,https://quangcaomientrung.vn/wp-content/uploads/2022/07/bien-hieu-quang-ca-shop-quan-ao-1.jpg,biển hiệu cửa hàng
[bảng hiệu] 0.jpg,https://quangcaohoangkim.net/wp-content/uploads/2021/05/bien-cong-ty-bang-hieu-cong-ty-mica-in-uv-5.jpg,bảng hiệu
[bảng hiệu] 1.jpg,https://aeros.vn/upload/images/thiet-ke-quan-tra-sua-chin-chin-02.jpg,bảng hiệu
[bảng hiệu] 2.jpg,https://quangcaox.vn/upload/product/33/332/bang-hieu-yoga-10-1000x1000.jpg,bảng hiệu
[bảng hiệu] 3.jpg,https://banghieuthantoc.com/wp-content/uploads/2020/12/L%C3%A0m-b%E1%BA%A3ng-hi%E1%BB%87u-alu-qu%E1%BA%ADn-1.png,bảng hiệu
[bảng hiệu] 4.jpg,https://dinhphanadvertising.com/wp-content/uploads/2021/06/hop-den-12-1066x800.jpg,bảng hiệu
[bảng hiệu] 5.jpg,https://banghieucantho.info/wp-content/uploads/2023/03/bang-hieu-shop-quan-ao-nam.jpg,bảng hiệu
[bảng hiệu] 6.jpg,https://inan2h.vn/wp-content/uploads/2022/09/anh-khai-truong-in-an-quang-cao-2h-1.jpg,bảng hiệu
[bảng hiệu] 7.jpg,https://www.sonbanggroup.com/wp-content/uploads/2021/01/bang-hieu-truong-mam-non-thu-duc.jpg,bảng hiệu
[bảng hiệu] 8.jpg,https://static-cse.canva.com/blob/1278993/bang-hieu.jpg,bảng hiệu
[bảng hiệu] 9.jpg,https://vdesign.vn/wp-content/uploads/2022/05/18.jpg,bảng hiệu
[bảng hiệu] 10.jpg,https://nguyenbadesign.com/wp-content/uploads/2013/08/lam-bang-hieu-bat-hiflex-gia-re-tai-TPHCM.jpg,bảng hiệu
[bảng hiệu] 12.jpg,https://banghieuthantoc.com/wp-content/uploads/2020/11/L%C3%A0m-b%E1%BA%A3ng-hi%E1%BB%87u-alu-h%C3%A0ng-%C4%91%E1%BA%A7u-tphcm.png,bảng hiệu
[bảng hiệu] 13.jpg,https://ad-martvietnam.com/public/fileupload/source/KHO%20SP%20M%E1%BB%9AI/B%E1%BA%A2NG%20HI%E1%BB%86U%20KIM%20LO%E1%BA%A0I/bang-inox-trang-xuoc.png,bảng hiệu
[bảng hiệu] 14.jpg,https://solution.com.vn/upload_images/images/2020/06/05/bang-hieu-alu-la-gi-ung-dung-bien-quang-cao-alu.jpg,bảng hiệu
[bảng hiệu] 15.jpg,https://quangcaomientrung.vn/wp-content/uploads/2022/07/in-bien-hieu-gia-re.jpg,bảng hiệu
[bảng hiệu] 16.jpg,https://nclighting.vn/wp-content/uploads/2019/12/den-chieu-bien-quang-cao.jpg,bảng hiệu
[bảng hiệu] 17.jpg,https://lambangquangcaogiare.info/wp-content/uploads/2021/07/Thi-c%C3%B4ng-b%E1%BA%A3ng-hi%E1%BB%87u-qu%E1%BA%A3ng-c%C3%A1o-TPHCM-1-1.jpg?v=1626151212,bảng hiệu
[bảng hiệu] 18.jpg,https://ledsun.vn/uploads/images/bang-hieu-alu-chu-noi-(10)(2).jpg,bảng hiệu
[bảng hiệu] 19.jpg,https://quangcaohoangkim.net/wp-content/uploads/2021/05/lam-bang-hieu-cong-ty-inox-de-mica-5.jpg,bảng hiệu
[bảng hiệu] 21.jpg,https://vn-test-11.slatic.net/p/74d1cb16d95e9fabb54264a10c8f0ec3.jpg,bảng hiệu
[bảng hiệu] 22.jpg,https://file.hstatic.net/200000728199/file/bang-hieu-treo-01-elipdecor_f8449188536845398e8d9f60b85c4ed3_grande.jpg,bảng hiệu
[bảng hiệu] 23.jpg,https://trangtriquangcao.com/wp-content/uploads/2019/10/y-tuong-thiet-ke-bang-hieu.jpg,bảng hiệu
[bảng hiệu] 24.jpg,https://inuvdp.com/wp-content/uploads/2023/11/bang-hieu-cong-ty-2.jpg,bảng hiệu
[bảng hiệu] 25.jpg,https://xuongquangcaongoclam.com/watermark/product/780x720x1/upload/product/1-8220.jpg,bảng hiệu
[bảng hiệu] 26.jpg,https://dinhphanadvertising.com/wp-content/uploads/2021/08/lam-bang-hieu-van-phong-bat-dong-san-01.jpg,bảng hiệu
[bảng hiệu] 27.jpg,https://d1j8r0kxyu9tj8.cloudfront.net/images/157508110156oZbgzmBLcCK0K.jpg,bảng hiệu
[bảng hiệu] 28.jpg,https://quangcaoanhtuan.com/wp-content/uploads/2018/11/ch%E1%BB%AF-mica-%C4%91%C3%A8n-led-1.jpg,bảng hiệu
[bảng hiệu] 29.jpg,https://quangcaox.vn/upload/product/23/235/bang-hieu-toc-dung-2-600x600.jpg,bảng hiệu
[bảng hiệu] 30.jpg,https://cheapadv247.com/wp-content/uploads/2020/03/lam-bang-hieu-tai-cheapadv247-9-3.jpg,bảng hiệu
[bảng hiệu] 31.jpg,https://nowads.com.vn/wp-content/uploads/2022/11/%E2%80%9Cin-decal-bang-hieu-va-4-dieu-can-luu-y-1%E2%80%9D.jpg,bảng hiệu
[bảng hiệu] 32.jpg,https://i.ytimg.com/vi/s5IkyHwq9DE/maxresdefault.jpg,bảng hiệu
[bảng hiệu] 33.jpg,https://quangcaox.vn/upload/product/22/226/bang-hieu-tap-hoa-1-780x440.jpg,bảng hiệu
[bảng hiệu] 34.jpg,https://www.banghieuchuyennghiep.vn/upload/filemanager/files/Top%2010%2B%20M%E1%BA%ABu%20b%E1%BA%A3ng%20hi%E1%BB%87u%20qu%E1%BA%A3ng%20c%C3%A1o%20g%E1%BA%A1o%20%C4%91%E1%BA%B9p%2C%20gi%C3%A1%20r%E1%BA%BB%2C%20thu%20h%C3%BAt%20(3).jpg,bảng hiệu
[bảng hiệu] 35.jpg,https://congtyquangcaogiare.com/wp-content/uploads/2022/11/7-Cong-Ty-Bang-Hieu-Da-Lat-Gia-Re-Uy-Tin.jpg,bảng hiệu
[bảng hiệu] 36.jpg,https://down-vn.img.susercontent.com/file/sg-11134201-22120-6dsqxm9ecplv19,bảng hiệu
[bảng hiệu] 37.jpg,https://banghieuminhkhang.com/upload/sanpham/Bang-hieu-2/bang-hieu-hop-den-dung-2.jpg,bảng hiệu
[bảng hiệu] 38.jpg,https://appro.com.vn/wp-content/uploads/2020/08/bang-hieu-cua-hang-12.jpg,bảng hiệu
[bảng hiệu] 39.jpg,https://nguyenbadesign.com/wp-content/uploads/2020/06/lap-dat-bang-hieu-binh-duong-tp-di-an.jpg,bảng hiệu
[bảng hiệu] 40.jpg,https://quangcaophang.com/uploads/page/nha-hat-minh-nhi_700_525.jpg,bảng hiệu
[bảng hiệu] 41.jpg,https://xedaybanhang.com/upload/products/bang-hieu-quang-cao-dung1665039038LgeR2.jpg,bảng hiệu
[bảng hiệu] 42.jpg,https://thietkeinanbanghieu.com/wp-content/uploads/2019/12/bi%E1%BB%83n-hi%E1%BB%87u-M%E1%BB%99c-xinh.jpg,bảng hiệu
[bảng hiệu] 43.jpg,https://www.phamgiadecor.com/uploads/news/2020_04/unnamed_1.jpg,bảng hiệu
[bảng hiệu] 44.jpg,https://quangcaoanphong.com/wp-content/uploads/2023/08/luu-y-khi-lam-bang-hieu.jpg,bảng hiệu
[bảng hiệu] 45.jpg,https://quangcaohcm.vn/wp-content/uploads/2021/05/Bang-hieu-quang-cao-den-led-2-scaled.jpg,bảng hiệu
[bảng hiệu] 46.jpg,https://phucloiviet.vn/wp-content/uploads/2021/03/thi-cong-bang-hieu-alu-chu-noi-mica-tai-da-nang-1-1024x768.jpg,bảng hiệu
[bảng hiệu] 47.jpg,https://nguyenlongidea.com/wp-content/uploads/2020/09/lam-bang-hieu-quang-cao-6.jpg,bảng hiệu
[bảng hiệu] 48.jpg,https://atyco.vn/wp-content/uploads/2021/06/bang-hieu-nail-spa-tai-gia-lai-3.jpg,bảng hiệu
[bảng hiệu] 49.jpg,https://quangcaonoithatdep.vn/wp-content/uploads/2020/05/mat-dung-tam-song-uon-luon-bang-hieu-tra-sua-doc-dao.jpg,bảng hiệu
[bảng hiệu] 50.jpg,https://banghieuminhkhang.com/thumbs/large/sanpham/bang-hieu/bien-quang-cao-dung-5.jpg,bảng hiệu
[bảng hiệu] 51.jpg,https://pendecor.vn/uploads/files/2021/03/12/thiet-ke-bang-hieu-spa-4.jpg,bảng hiệu
[bảng hiệu] 52.jpg,https://invaquangcaochuyennghiep.com/upload/img/products/lam-bien-bang-hieu-ten-cong-ty-cuc-dep-1.jpg,bảng hiệu
[bảng hiệu] 53.jpg,https://quangcaophang.com/uploads/page/161691564_262444422051018_4555389701365202240_o.jpg,bảng hiệu
[bảng hiệu] 54.jpg,https://phucloiviet.vn/wp-content/uploads/2021/06/171814784_820287675583481_3314010662534985842_n.jpg,bảng hiệu
[bảng hiệu] 55.jpg,https://sudospaces.com/polybinhduong-com/2024/07/so-sanh-bang-hieu-alu-va-mica-3.jpg,bảng hiệu
[bảng hiệu] 56.jpg,https://xebanhangdidong.com/upload/sanpham/bang-hieu-sh-7798.jpg,bảng hiệu
[bảng hiệu] 57.jpg,https://banghieugiare.net/wp-content/uploads/2024/05/bang-hieu-vay-gia-re-khong-den.jpg,bảng hiệu
[bảng hiệu] 58.jpg,https://banghieuminhkhang.com/upload/sanpham/Bang-hieu-2/bang-hieu-sai-gon-xua-4.jpg,bảng hiệu
[bảng hiệu] 59.jpg,https://nguyenbadesign.com/wp-content/uploads/2013/08/bang-hieu-alu-chu-noi-mica-duoc-su-dung-pho-bien.jpg,bảng hiệu
[bảng hiệu] 63.jpg,https://nguyenlongidea.com/wp-content/uploads/2018/06/7-mau-bien-hieu-tham-my-vien-hung-hong-1222.jpg,bảng hiệu
[bảng hiệu] 64.jpg,https://lambienquangcaohanoi.vn/wp-content/uploads/2023/08/3-4.jpg,bảng hiệu
[bảng hiệu] 65.jpg,https://banghieualu.com.vn/wp-content/uploads/2021/05/bien-hieu-alu-chu-noi-mica-03.jpg,bảng hiệu
[bảng hiệu] 66.jpg,https://tranhnamdinh.vn/upload/images/slider/c%C3%A1c%20lo%E1%BA%A1i%20bi%E1%BB%83n%20hi%E1%BB%87u%20%C4%91%E1%BA%B9p.jpg,bảng hiệu
[bảng hiệu] 67.jpg,https://q8laser.com/wp-content/uploads/2021/05/mau-sac-bang-hieu-theo-phong-thuy.jpg,bảng hiệu
[bảng hiệu] 68.jpg,https://trangtri360.com/wp-content/uploads/2022/10/dai-dien-7.jpg,bảng hiệu
[bảng hiệu] 70.jpg,https://ingiarebinhduong.com.vn/uploads/images/bang-hieu-quang-cao/bang-hieu-nha-khoa-binh-duong.jpg,bảng hiệu
[bảng hiệu] 71.jpg,https://nld.mediacdn.vn/2021/2/7/393781c0080364bf59256eefcc0b0988-16126731516541531394267.jpeg,bảng hiệu
[bảng hiệu] 72.jpg,https://trangtri360.com/wp-content/uploads/2024/01/bang-hieu-tiem-vang-1.jpg,bảng hiệu
[bảng hiệu] 73.jpg,https://vdesign.vn/wp-content/uploads/2021/08/9394e58d0c71cd2f9460-scaled.jpg,bảng hiệu
[bảng hiệu] 74.jpg,https://quangcaohoangkim.net/wp-content/uploads/2020/04/bien-op-alu-gan-chu-noi-alu-1.jpg,bảng hiệu
[bảng hiệu] 75.jpg,https://quangcaohoangphuong.com/upload/product/thiet-ke-bang-hieu-doc-dao-tai-ben-tre-1930.jpg,bảng hiệu
[bảng hiệu] 76.jpg,https://banghieuthantoc.com/wp-content/uploads/2020/12/L%E1%BA%AFp-%C4%91%E1%BA%B7t-b%E1%BA%A3ng-hi%E1%BB%87u-%C4%91%C3%A8n-led-gi%C3%A1-r%E1%BA%BB.jpg,bảng hiệu
[bảng hiệu] 77.jpg,https://banghieudanang.net/wp-content/uploads/2021/11/mau-bang-hieu-xua-cu-4-min.jpg,bảng hiệu
[bảng hiệu] 78.jpg,https://kbt.net.vn/wp-content/uploads/2024/04/chuong-trinh-ho-tro-bang-hieu-2024.jpg,bảng hiệu
[bảng hiệu] 79.jpg,https://trangtri360.com/wp-content/uploads/2021/09/bang-hieu-chu-noi-alu-4.jpg,bảng hiệu
[bảng hiệu] 80.jpg,https://dinhphanadvertising.com/wp-content/uploads/2022/05/bang-hieu-tiger4-1067x800.jpg,bảng hiệu
[bảng hiệu] 81.jpg,https://quangcaohoangphuong.com/product/500x415x1/upload/product/thi-cong-bang-hieu-quang-cao-chat-luong-1026_500x415.jpg,bảng hiệu
[bảng hiệu] 82.jpg,https://thegioimoidesign.com/wp-content/uploads/sites/145/2023/01/bang-hieu-tiger.jpg,bảng hiệu
[bảng hiệu] 83.jpg,https://bienquangcao.net.vn/upload/images/bien-quang-cao-alu-chu-noi-bienquangcao.net%20(31)_2.jpg,bảng hiệu
[bảng hiệu] 84.jpg,https://roman.vn/pic/News/images/den-roi-bang-hieu-ngoai-troi%20(0).png,bảng hiệu
[bảng hiệu] 85.jpg,https://thietkeinanbanghieu.com/wp-content/uploads/2019/02/bang-hieu-alu-chu-noi-mica-am-led-salon-khanh-linh-quan-binh-thanh-5332.jpg,bảng hiệu
[bảng hiệu] 86.jpg,https://banghieudenled.vn/bang-hieu-den-led/lam-bang-hieu-den-led-gia-re/,bảng hiệu
[bảng hiệu] 88.jpg,https://khacdauanhduong.com/wp-content/uploads/2024/03/bang-hieu-mica.jpg,bảng hiệu
[bảng hiệu] 89.jpg,https://file.hstatic.net/200000728199/article/bien-quang-cao-2-mat-elipdecor8_b4ca728c233c46e6a5163122496ddaf8.jpg,bảng hiệu
[bảng hiệu] 90.jpg,https://quangcaovien.com/wp-content/uploads/2024/09/99-mau-bang-hieu-chu-noi-mica-ten-cong-ty-dep-2018-1.jpg,bảng hiệu
[bảng hiệu] 91.jpg,https://banghieusaigon.com/upload/sanpham/867508047340.jpg,bảng hiệu
[bảng hiệu] 92.jpg,https://nhatthiendna.vn/wp-content/uploads/2024/03/lam-bang-hieu-tphcm.jpg,bảng hiệu
[bảng hiệu] 93.jpg,https://banghieudenled.vn/wp-content/uploads/2024/01/1-lam-bang-hieu-den-led.jpg,bảng hiệu
[bảng hiệu] 94.jpg,https://lambienquangcaohanoi.vn/wp-content/uploads/2023/07/9-2.jpg,bảng hiệu
[bảng hiệu] 95.jpg,https://lambienquangcaohanoi.vn/wp-content/uploads/2023/09/1-8.jpg,bảng hiệu
[bảng hiệu] 96.jpg,https://giaphatgroup.com.vn/wp-content/uploads/2023/04/mau-bien-alu-1-scaled.jpg,bảng hiệu
[bảng hiệu] 97.jpg,https://nguyenlongidea.com/wp-content/uploads/2018/06/b%E1%BA%A3ng-hi%E1%BB%87u-%C4%91%E1%BA%B9p-22.jpg,bảng hiệu
[bảng hiệu] 98.jpg,https://posapp.vn/wp-content/uploads/2021/01/bang-hieu-quang-cao.jpg,bảng hiệu
[bảng hiệu] 99.jpg,https://congtyquangcaogiare.com/wp-content/uploads/2023/11/bang-hieu-thu-cung-05.jpg,bảng hiệu
[bảng hiệu] 100.jpg,https://quangcaophang.com/uploads/page/ham-ruou_700_525.jpg,bảng hiệu
[bảng hiệu] 101.jpg,https://banghieuchuyennghiep.com/wp-content/uploads/2023/11/z5182783305331_2bcbc0caef8d3059bb6b610576d34559.jpg,bảng hiệu
[bảng hiệu] 102.jpg,https://quangcaonoithatdep.vn/wp-content/uploads/2021/07/bang-hieu-ton-song-son-mau-chu-noi-den-led.jpg,bảng hiệu
[bảng hiệu] 103.jpg,https://q8laser.com/wp-content/uploads/2022/07/bang-hieu-tam-cemboard-dep.jpg,bảng hiệu
[bảng hiệu] 105.jpg,https://q8laservietnam.vn/wp-content/uploads/2022/07/bang-hieu-tap-hoa-3.jpeg,bảng hiệu
[bảng hiệu] 106.jpg,https://quangcaohoangkim.net/wp-content/uploads/2021/05/bien-cong-ty-bang-hieu-cong-ty-8.jpg,bảng hiệu
[bảng hiệu] 107.jpg,https://nguyengiaphat.net/watermark/product/700x700x2/upload/product/bang-hieu-dep-2.jpg,bảng hiệu
[bảng hiệu] 108.jpg,https://posapp.vn/wp-content/uploads/2021/01/bang-hieu-quan-cafe-dep.jpg,bảng hiệu
[bảng hiệu] 110.jpg,https://quangcaophang.com/uploads/news/2016_11/bang-hieu-hiflex1.jpg,bảng hiệu
[bảng hiệu] 111.jpg,https://banghieudanang.net/wp-content/uploads/2021/11/banghieuxuacu-banghieudanang-1024x534.jpg,bảng hiệu
[bảng hiệu] 112.jpg,https://uytin.com.vn/wp-content/uploads/2024/08/Mau-bang-hieu-dep-cho-nha-xe-dich-vu-Daklak.jpg,bảng hiệu
[bảng hiệu] 113.jpg,https://thietkeinanbanghieu.com/wp-content/uploads/2021/04/bang-hieu-tole-6.jpg,bảng hiệu
[bảng hiệu] 114.jpg,https://phugiakhang.net/watermark/product/540x540x1/upload/product/bang-hieu-bat-5953.jpg,bảng hiệu
[bảng hiệu] 115.jpg,https://banghieu24h.com/wp-content/uploads/2020/11/lam-bang-hieu-24h-14.jpg,bảng hiệu
[bảng hiệu] 116.jpg,https://product.hstatic.net/1000359369/product/hop-den-quang-cao-newstyle_ab255d0b998f4825bc5daa1c34b22ad0_1024x1024.png,bảng hiệu
[bảng hiệu] 117.jpg,https://phugiakhang.net/upload/filemanager/b%E1%BA%A3ng%20hi%E1%BB%87u%20b%E1%BA%A1t/thi%20cong%20bang%20hieu%20bat%20gia%20re.jpg,bảng hiệu
[bảng hiệu] 118.jpg,https://banghieusaigon.com/upload/sanpham/522181297244.jpg,bảng hiệu
[bảng hiệu] 119.jpg,https://thietkeinanbanghieu.com/wp-content/uploads/2024/04/lam-bang-hieu-quang-cao-dep-tai-di-an-5682.jpg,bảng hiệu
[bảng hiệu] 120.jpg,https://quatangnangchieu.com/wp-content/uploads/2021/06/2_0009_Layer-27.jpg,bảng hiệu
[bảng hiệu] 121.jpg,https://banghieuminhkhang.com/thumbs/large/sanpham/bang-hieu/bien-quang-cao-tron-4.jpg,bảng hiệu
[bảng hiệu] 122.jpg,https://dinhphanadv.com/wp-content/uploads/2023/06/bang-hieu-hop-den-dung-11.jpg,bảng hiệu
[bảng hiệu] 124.jpg,https://giahuyad.com/upload/product/bien-3d-4263.jpg,bảng hiệu
[bảng hiệu] 126.jpg,https://quangcaoaea.com/upload/images/1604394415564.jpg,bảng hiệu
[bảng hiệu] 127.jpg,https://www.thanhthinhphat.com/wp-content/uploads/2014/12/1365084168_498590401_10-bang-hieu-doc-dao-mat-dung-quang-cao-pano-tam-ln-.jpg,bảng hiệu
[bảng hiệu] 128.jpg,https://shopbienquangcao.com/wp-content/uploads/2023/08/bang-hieu-spa-chu-noi-mica.jpg,bảng hiệu
[bảng hiệu] 130.jpg,https://giahuyad.com/upload/news/4-tuan-thu-theo-cac-quy-dinh-ve-bien-hieu-quang-cao-de-khong-bi-xu-phat-9043.jpg,bảng hiệu
[bảng hiệu] 131.jpg,https://standeequangcao.com/upload/products/bang-hieu-quan-ca-phe1665201477Nna25.jpg,bảng hiệu
[bảng hiệu] 132.jpg,https://q8laservietnam.vn/wp-content/uploads/2022/08/bang-hieu-my-pham-3.jpg,bảng hiệu
[bảng hiệu] 133.jpg,https://quangcaobencat.com.vn/watermark/product/540x540x1/upload/product/f40503d7-150b-4a02-b7b0-9b91c8d9daff-1265-9082.jpeg,bảng hiệu
[bảng hiệu] 134.jpg,https://shopbienquangcao.com/wp-content/uploads/2024/03/bang-hieu-tam-cemboard-11.jpg,bảng hiệu
[bảng hiệu] 135.jpg,https://quangcaophang.com/uploads/page/bu-bo-tru-danh_700_525.jpg,bảng hiệu
[bảng hiệu] 136.jpg,https://bangronsukien.vn/wp-content/uploads/2024/07/z5664102856916_181c73b4a7b1d8df2aa20a177c36ab1b.jpg,bảng hiệu
[bảng hiệu] 137.jpg,https://sangtaodecor.vn/uploads/tiny_uploads/BANG%20HIEU/L%C3%A0m-b%E1%BA%A3ng-hi%E1%BB%87u-c%C3%B4ng-ty%2C-c%E1%BB%ADa-h%C3%A0ng%2C-%C4%91%E1%BA%A1i-l%C3%BD-ph%C3%A2n-ph%E1%BB%91i-1_1.jpg,bảng hiệu
[bảng hiệu] 138.jpg,https://quangcaox.vn/upload/product/22/225/bang-hieu-dung-1-600x600.jpg,bảng hiệu
[bảng hiệu] 139.jpg,https://quangcaox.vn/upload/product/23/239/bang-hieu-cam-do-600x600.jpg,bảng hiệu
[bảng hiệu] 140.jpg,https://phucloiviet.vn/wp-content/uploads/2021/05/r.jpg,bảng hiệu
[bảng hiệu] 141.jpg,https://quangcaox.vn/upload/product/22/226/bien-tap-hoa-dep.jpg,bảng hiệu
[bảng hiệu] 142.jpg,https://sanpham.nhanmac3a.vn/wp-content/uploads/2020/07/Nhat-Quang-900x900-1-768x768.png,bảng hiệu
[bảng hiệu] 144.jpg,https://giahuyad.com/upload/elfinder/SEO/barber/bang-hieu-barber-1.jpg,bảng hiệu
[bảng hiệu] 145.jpg,https://quangcaophanthietgiare.com/wp-content/uploads/2024/04/lam-bang-hieu-quang-cao-nho-phan-thiet-1.jpg,bảng hiệu
[bảng hiệu] 146.jpg,https://xedaybanhang.com/upload/products/mau-bang-hieu-dung-hai-mat-dep1665723490OTDs7.jpg,bảng hiệu
[bảng hiệu] 147.jpg,https://shopbienquangcao.com/wp-content/uploads/2023/10/bang-hieu-dung-2-mat-3.jpg,bảng hiệu
[bảng hiệu] 149.jpg,https://danangso.vn/wp-content/uploads/2023/01/lam-bang-hieu-quang-cao-o-tam-ky-scaled.jpg,bảng hiệu
[bảng hiệu] 150.jpg,https://banghieutayninh.com/wp-content/uploads/2019/07/Dinh-art-12-1024x683.jpg,bảng hiệu
[bảng hiệu] 151.jpg,https://xuongquangcaongoclam.com/upload/filemanager/b%E1%BA%A3ng%20hi%E1%BB%87u/7.jpg,bảng hiệu
[bảng hiệu] 152.jpg,https://appro.com.vn/wp-content/uploads/2024/01/Bang-hieu-sat-6.jpg,bảng hiệu
[bảng hiệu] 153.jpg,https://posapp.vn/wp-content/uploads/2020/06/bien-hieu-alu.jpg,bảng hiệu
[bảng hiệu] 154.jpg,https://bienhieudep.vn/wp-content/uploads/2019/07/M%E1%BA%ABu-bi%E1%BB%83n-%C4%91%E1%BA%B9p.jpg,bảng hiệu
[bảng hiệu] 155.jpg,https://duyan.vn/wp-content/uploads/2023/10/cac-loai-bien-hieu-cua-hang-nho-hien-nay.jpg,bảng hiệu
[bảng hiệu] 156.jpg,https://quangcaoanhtuan.com/wp-content/uploads/2019/05/Music-Venue-2019-05-13T150826.857.jpg,bảng hiệu
[bảng hiệu] 157.jpg,https://banghieusaigon.com/upload/bang-hieu-cong-ty-binh-duong-3.jpg,bảng hiệu
[bảng hiệu] 159.jpg,https://quangcaohoangkim.net/wp-content/uploads/2020/06/bang-hieu-ton-song-quang-cao-1.jpg,bảng hiệu
[bảng hiệu] 160.jpg,https://hopdendainghia.com/wp-content/uploads/2023/07/Bang-hop-den-quang-cao-spa-chu-noi-inox-sang-trong-1200x675.jpg,bảng hiệu
[bảng hiệu] 161.jpg,https://banghieudanang.com/wp-content/uploads/2023/04/banghieu_vintage-1.jpg,bảng hiệu
[bảng hiệu] 162.jpg,https://athomies.vn/wp-content/uploads/2023/05/Bien-hieu-shop-khac-laser-gia-re.png,bảng hiệu
[bảng hiệu] 163.jpg,https://xebanhangdidong.com/upload/sanpham/lam-bang-hieu-dep-ngay-tai-da-lat-gia-re-nhat-2219.jpg,bảng hiệu
[bảng hiệu] 164.jpg,https://banghieuminhkhang.com/thumbs/large/sanpham/bang-hieu/bang-hieu-bang-ton-2.jpg,bảng hiệu
[bảng hiệu] 165.jpg,https://quangcaophucan.com/storage/blog_posts/April2021/B%E1%BA%A3ng%20hi%E1%BB%87u%20tr%C3%B2n%20-%20lo%E1%BA%A1i%20b%E1%BA%A3ng%20hi%E1%BB%87u%20qu%E1%BA%A3ng%20c%C3%A1o%20ng%C3%A0y%20c%C3%A0ng%20ph%E1%BB%95%20bi%E1%BA%BFn%20t%E1%BA%A1i%20H%C3%A0%20N%E1%BB%99i%20(3).jpg,bảng hiệu
[bảng hiệu] 166.jpg,https://xedaybanhang.com/upload/products/bang-hieu-dung-hai-mat-gia-re1665723490VpvOf.jpg,bảng hiệu
[bảng hiệu] 167.jpg,https://lambanghieudep.com/wp-content/uploads/2023/08/bao-gia-thi-cong-lam-bang-hieu-quang-cao-1-1400x788.jpg,bảng hiệu
[bảng hiệu] 168.jpg,https://appro.com.vn/wp-content/uploads/2020/12/z2211948777461_fdcd4a1c185adcd077d6f1c856516b48.jpg,bảng hiệu
[bảng hiệu] 169.jpg,https://thegioiad.com/uploads/images/aluchunoi/bang-hieu-alu-chu-noi-den-led-11.jpg,bảng hiệu
[bảng hiệu] 170.jpg,https://dangquangad.com/wp-content/uploads/2016/02/lam-bang-hieu-bat-hiflex-co-lot-tole-t.jpg,bảng hiệu
[bảng hiệu] 171.jpg,https://shopbienquangcao.com/wp-content/uploads/2023/10/bang-hieu-dung-2-mat.jpg,bảng hiệu
[bảng hiệu] 173.jpg,https://treobangron.com.vn/wp-content/uploads/2022/08/bien-hieu-quang-cao-dung.jpg,bảng hiệu
[bảng hiệu] 174.jpg,https://dinhphanadvertising.com/wp-content/uploads/2023/07/lam-bang-hieu-spa-hcm-01.jpg,bảng hiệu
[bảng hiệu] 175.jpg,https://lambanghieudep.com/wp-content/uploads/2023/12/bao-gia-lam-bang-hieu-2024.jpg,bảng hiệu
[bảng hiệu] 176.jpg,https://phucloiviet.vn/wp-content/uploads/2021/05/lam-bang-hieu-mica-tai-da-nang.jpg,bảng hiệu
[bảng hiệu] 177.jpg,https://treobangron.com.vn/wp-content/uploads/2022/07/17-1024x542-1.jpg,bảng hiệu
[bảng hiệu] 178.jpg,https://dinhphanadvertising.com/wp-content/uploads/2023/10/bang-hieu-dung.jpg,bảng hiệu
[bảng hiệu] 179.jpg,https://tienad.com/watermark/product/500x450x1/upload/product/thi-cong-bang-hieu-quang-cao-mat-dung-alu-gia-re-hop-den-in-uv-bat-3m-khong-gan-72-1761.jpg,bảng hiệu
[bảng hiệu] 180.jpg,https://quangcaobencat.com.vn/upload/elfinder/6.jpg,bảng hiệu
[bảng hiệu] 181.jpg,https://invaquangcaochuyennghiep.com/upload/img/products/bien-bang-hieu-den-led-quang-cao-tuyet-dep-1.jpg,bảng hiệu
[bảng hiệu] 183.jpg,https://quangcaox.vn/upload/product/24/246/bang-hieu-nail-mi-10-1000x1000.jpg,bảng hiệu
[bảng hiệu] 184.jpg,https://quangcaotaybac.com/wp-content/uploads/2023/07/bang-hieu-quang-cao-4.jpg,bảng hiệu
[bảng hiệu] 185.jpg,https://www.quangcaophuchung.com/upload/products/banghieumica_1548336876.jpg,bảng hiệu
[bảng hiệu] 187.jpg,https://quangcaoadong.com.vn/upload/images/z3196202280129_e4687ba72ec672afb47a4235f8785363.jpg,bảng hiệu
[bảng hiệu] 188.jpg,https://lambanghieudep.com/wp-content/uploads/2024/05/BANG-HIEU-NHA-SACH-BANG-ALU-3.jpg,bảng hiệu
[bảng hiệu] 190.jpg,https://vietplaza.vn/wp-content/uploads/2020/12/00fd47c2d44c2812715d.jpg,bảng hiệu
[bảng hiệu] 191.jpg,https://banghieudenled.vn/wp-content/uploads/2024/01/6-bang-led-vay.jpg,bảng hiệu
[bảng hiệu] 192.jpg,https://danangso.vn/wp-content/uploads/2020/08/chu-mica-tai-da-nang-1.jpg,bảng hiệu
[bảng hiệu] 193.jpg,https://quangcaotaybac.com/wp-content/uploads/2023/07/lam-bang-hieu-5.jpg,bảng hiệu
[bảng hiệu] 195.jpg,https://quangcaobentre.net/wp-content/uploads/2020/07/102388837_821914448214813_3225607120325967872_o.jpg,bảng hiệu
[bảng hiệu] 196.jpg,https://bizweb.dktcdn.net/100/447/644/products/e7003e19-9a62-4121-8c2b-6859431b616a-jpeg.jpg?v=1664372498893,bảng hiệu
[bảng hiệu] 197.jpg,https://www.sonbanggroup.com/wp-content/uploads/2013/09/bang-hieu-dai-ly-son-nuoc1.jpg,bảng hiệu
[bảng hiệu] 198.jpg,https://q8laservietnam.vn/wp-content/uploads/2022/11/bang-hieu-dung-2-mat.jpg,bảng hiệu
[bảng hiệu] 199.jpg,https://nguyenbadesign.com/wp-content/uploads/2020/06/lam-bang-hieu-binh-duong-di-an.jpg,bảng hiệu
[bảng hiệu] 200.jpg,https://quangcaotaybac.com/wp-content/uploads/2023/07/bang-hieu-quang-cao-2.jpg,bảng hiệu
[bảng hiệu công ty] 0.jpg,https://sangtaoviet.vn/wp-content/uploads/2021/06/mau-bien-hieu-cong-ty-dep.jpg,bảng hiệu công ty
[bảng hiệu công ty] 1.jpg,https://hoangkimplaza.com/wp-content/uploads/Bi%E1%BB%83n-c%C3%B4ng-ty-b%E1%BA%B1ng-mica-1.jpg,bảng hiệu công ty
[bảng hiệu công ty] 2.jpg,https://sanpham.nhanmac3a.vn/wp-content/uploads/2020/07/Nhat-Quang-900x900-1-768x768.png,bảng hiệu công ty
[bảng hiệu công ty] 3.jpg,https://xebanhangdidong.com/upload/hinhthem/7-2435.jpg,bảng hiệu công ty
[bảng hiệu công ty] 4.jpg,https://bangronquangcao.vn/wp-content/uploads/2022/06/Lam-bang-hieu-cong-ty-1.jpg,bảng hiệu công ty
[bảng hiệu công ty] 5.jpg,https://solution.com.vn/upload_images/images/2017-Bo-nhan-dien-thuong-hieu/GM/bien-hieu/thiet-ke-bien-hieu-cong-ty-xay-dung-GM-2.jpg,bảng hiệu công ty
[bảng hiệu công ty] 6.jpg,https://q8laservietnam.vn/wp-content/uploads/2022/07/bang-hieu-cong-ty-xay-dung.jpg,bảng hiệu công ty
[bảng hiệu công ty] 7.jpg,https://quangcaonamson.com.vn/wp-content/uploads/2021/12/bien-inox-cong-cong-ty.jpg,bảng hiệu công ty
[bảng hiệu công ty] 8.jpg,https://quangcaodaiviet.vn/hinhanh/tintuc/z5615323150066371f0ca91a2c418d2b3e155bf515baa7.jpg,bảng hiệu công ty
[bảng hiệu công ty] 9.jpg,https://banghieusaigon.com/upload/bang-hieu-cong-ty-binh-duong-3.jpg,bảng hiệu công ty
[bảng hiệu công ty] 10.jpg,https://quangcaox.vn/upload/product/26/269/thumb-bien-cong-ty-alu-600x600.jpg,bảng hiệu công ty
[bảng hiệu công ty] 11.jpg,https://luattanhoang.com/wp-content/uploads/2023/11/bang-hieu-co-vai-tro-quan-trong-voi-tat-ca-cac-cong-ty.jpg,bảng hiệu công ty
[bảng hiệu công ty] 12.jpg,https://quangcaox.vn/upload/product/27/270/bang-hieu-cong-ty-xay-dung-1-1000x1000.jpg,bảng hiệu công ty
[bảng hiệu công ty] 13.jpg,https://quangcaoart.com/wp-content/uploads/2017/11/mau-bang-hieu-cong-ty-dep-03.jpg,bảng hiệu công ty
[bảng hiệu công ty] 14.jpg,https://thegioimoidesign.com/wp-content/uploads/sites/145/2021/03/bang-hieu-cong-ty-xay-dung.jpg,bảng hiệu công ty
[bảng hiệu công ty] 15.jpg,https://duyan.vn/wp-content/uploads/2023/07/ly-do-doanh-nghiep-can-bang-hieu.jpg,bảng hiệu công ty
[bảng hiệu công ty] 16.jpg,https://www.sonbanggroup.com/wp-content/uploads/2019/03/bang-hieu-cong-ty-xay-dung.jpg,bảng hiệu công ty
[bảng hiệu công ty] 17.jpg,https://d2982v1kx1yg3x.cloudfront.net/wp-content/uploads/2021/02/mau-bien-hieu-cong-ty.jpg,bảng hiệu công ty
[bảng hiệu công ty] 19.jpg,https://lh5.googleusercontent.com/proxy/RWMYeY-x5vG_Eg9XCCAQvPULBKy_m1oScDKhVGo9NxsamXaeMRO5ueUoRDeP7U9QhrH185ifzlapnNOJUMt6itPrbEzMSI1dqQ33-bJCwwrmQdvSZIqRt0Ehva2H,bảng hiệu công ty
[bảng hiệu công ty] 20.jpg,https://congtyquangcaogiare.com/wp-content/uploads/2021/07/bang-hieu-mica-cong-ty-2.jpg,bảng hiệu công ty
[bảng hiệu công ty] 21.jpg,https://down-vn.img.susercontent.com/file/sg-11134201-23010-cm5mgxgyqwmv1f,bảng hiệu công ty
[bảng hiệu công ty] 22.jpg,https://banghieuminhkhang.com/thumbs/large/sanpham/bang-hieu/bien-quang-cao-cong-ty-1.jpg,bảng hiệu công ty
[bảng hiệu công ty] 23.jpg,https://congty3m.com/wp-content/uploads/2019/09/IMG_5291-1024x768.jpg,bảng hiệu công ty
[bảng hiệu công ty] 24.jpg,https://hoangkimplaza.com/wp-content/uploads/bienphongban5-4.jpg,bảng hiệu công ty
[bảng hiệu công ty] 25.jpg,https://quangcaoducvinh.com.vn/upload/product/z4634293548024d01b94c67366d49f9869a605f279fbb5-5620.jpg,bảng hiệu công ty
[bảng hiệu công ty] 26.jpg,https://lh6.googleusercontent.com/qettFifpOb3v9oRiuW3tIw70RsD3f-ZAAggR7tnZZgc_yqEL6OgOGnMPrlPiizH7BB807Z4HLZixbqpUFX-P_Xgvs4ouwtqXu233hDGn4Phx0xvSRAUuwHVFfxVGpdK4OA7KVHwI,bảng hiệu công ty
[bảng hiệu công ty] 27.jpg,https://cdn.thuvienphapluat.vn/phap-luat/2022/5/13/HH/bien-hieu-2.png,bảng hiệu công ty
[bảng hiệu công ty] 28.jpg,https://quangcaolongan.top/wp-content/uploads/2023/01/14chuinoxxuoc.jpg,bảng hiệu công ty
[bảng hiệu công ty] 29.jpg,https://invaquangcaochuyennghiep.com/upload/images/lam-bien-bang-hieu-ten-cong-ty-cuc-dep-2.jpg,bảng hiệu công ty
[bảng hiệu công ty] 30.jpg,https://quangcaohoangkim.net/wp-content/uploads/2021/05/bao-gia-bien-kinh-gan-chu-mat-mica-mau-chan-mica-trong.jpg,bảng hiệu công ty
[bảng hiệu công ty] 31.jpg,https://giahuyad.com/upload/elfinder/SEO/bang%20hieu%20cong%20ty/bang-hieu-cong-ty-1.jpg,bảng hiệu công ty
[bảng hiệu công ty] 32.jpg,https://quangcaohcm.vn/wp-content/uploads/2021/06/quy-dinh-treo-bang-hieu-quang-cao-scaled.jpg,bảng hiệu công ty
[bảng hiệu công ty] 33.jpg,https://webxaydung.net/wp-content/uploads/2022/07/bang-hieu-cong-ty-10.jpg,bảng hiệu công ty
[bảng hiệu công ty] 34.jpg,https://appro.com.vn/wp-content/uploads/2020/08/bang-cong-ty-dep-6.jpg,bảng hiệu công ty
[bảng hiệu công ty] 35.jpg,https://invaquangcaochuyennghiep.com/upload/images/lam-bien-bang-hieu-ten-cong-ty-cuc-dep-5.jpg,bảng hiệu công ty
[bảng hiệu công ty] 36.jpg,https://xebanhangdidong.com/upload/hinhthem/lam-bang-hieu-cho-cong-ty-gia-re-5839.jpg,bảng hiệu công ty
[bảng hiệu công ty] 37.jpg,https://nguyenlongidea.com/wp-content/uploads/2018/06/bang-bien-hieu-cong-ty-gia-re-2.jpg,bảng hiệu công ty
[bảng hiệu công ty] 39.jpg,https://quangcaothuyngan.com/wp-content/uploads/2020/11/748bc6ef8d7d73232a6c-400x267.jpg,bảng hiệu công ty
[bảng hiệu công ty] 40.jpg,https://appro.com.vn/wp-content/uploads/2020/08/bang-cong-ty-dep-3.jpg,bảng hiệu công ty
[bảng hiệu công ty] 41.jpg,https://media.loveitopcdn.com/2143/z2290166648596-31ee7f27373c34c167800482357ff081.jpg,bảng hiệu công ty
[bảng hiệu công ty] 42.jpg,https://ad-martvietnam.com/public/fileupload/source/KHO%20SP%20M%E1%BB%9AI/B%E1%BA%A2NG%20HI%E1%BB%86U%20KIM%20LO%E1%BA%A0I/bang-inox-trang-xuoc.png,bảng hiệu công ty
[bảng hiệu công ty] 43.jpg,https://appro.com.vn/wp-content/uploads/2020/08/bang-cong-ty-dep-10.jpg,bảng hiệu công ty
[bảng hiệu công ty] 44.jpg,https://duyan.vn/wp-content/uploads/2023/07/bang-hieu-inox.jpg,bảng hiệu công ty
[bảng hiệu công ty] 45.jpg,https://banghieucongty.vn/wp-content/uploads/2024/05/z5454471917064_864b7b4e22d08081a422235839f1fa0b.jpg,bảng hiệu công ty
[bảng hiệu công ty] 46.jpg,https://banghieuhcm.vn/wp-content/uploads/2020/03/bang-ten-inox-an-mon-dep.jpg,bảng hiệu công ty
[bảng hiệu công ty] 47.jpg,https://mocongty.net/wp-content/uploads/2021/09/Bang-hieu-dep.jpg,bảng hiệu công ty
[bảng hiệu công ty] 48.jpg,https://quangcaohoangkim.net/wp-content/uploads/2021/05/bien-cong-ty-bang-hieu-cong-ty-kinh-gan-chu-noi-1.jpg,bảng hiệu công ty
[bảng hiệu công ty] 49.jpg,https://xuongquangcaongoclam.com/upload/filemanager/b%E1%BA%A3ng%20hi%E1%BB%87u/cty8.jpg,bảng hiệu công ty
[bảng hiệu công ty] 50.jpg,https://inan2h.vn/wp-content/uploads/2022/09/anh-khai-truong-in-an-quang-cao-2h-1.jpg,bảng hiệu công ty
[bảng hiệu công ty] 51.jpg,https://quangcaodaiviet.vn/hinhanh/danhmuc/bien-cong-ty-55.jpg,bảng hiệu công ty
[bảng hiệu công ty] 52.jpg,https://thegioibienquangcao.com/wp-content/uploads/2018/07/bien-cong-ty-mica.jpg,bảng hiệu công ty
[bảng hiệu công ty] 53.jpg,https://thanhanadv.com/wp-content/uploads/2020/11/bang-hieu-cong-ty-dep-5.jpg,bảng hiệu công ty
[bảng hiệu công ty] 54.jpg,https://thegioibienquangcao.com/wp-content/uploads/2018/07/bien-ten-cong-ty-mica-1.jpg,bảng hiệu công ty
[bảng hiệu công ty] 55.jpg,https://banghieuminhkhang.com/upload/sanpham/bang-hieu-3/bang-hieu-cong-ty-xay-dung-1.jpg,bảng hiệu công ty
[bảng hiệu công ty] 56.jpg,https://xebanhangdidong.com/upload/hinhthem/10-2328.jpg,bảng hiệu công ty
[bảng hiệu công ty] 57.jpg,https://banghieugiarehcm.vn/wp-content/uploads/2022/03/bang-ten-cong-ty-2.jpg,bảng hiệu công ty
[bảng hiệu công ty] 58.jpg,https://cheapadv247.com/wp-content/uploads/2019/12/bang-hieu-mica-cong-ty-tphcm-2.jpg,bảng hiệu công ty
[bảng hiệu công ty] 59.jpg,https://lambienquangcao.org/wp-content/uploads/2019/08/bien-hieu-cho-cong-ty.jpg,bảng hiệu công ty
[bảng hiệu công ty] 60.jpg,https://sanpham.nhanmac3a.vn/wp-content/uploads/2020/07/bien-cong-ty-dep-inox-trang-08-768x768.jpg,bảng hiệu công ty
[bảng hiệu công ty] 61.jpg,https://webxaydung.net/wp-content/uploads/2022/07/bang-hieu-cong-ty-13.jpg,bảng hiệu công ty
[bảng hiệu công ty] 63.jpg,https://bienhieuniemtin.com/wp-content/uploads/2023/07/Bang-hieu-cong-ty-inox-304.jpg,bảng hiệu công ty
[bảng hiệu công ty] 64.jpg,https://webxaydung.net/wp-content/uploads/2022/07/bang-hieu-cong-ty-16.jpg,bảng hiệu công ty
[bảng hiệu công ty] 65.jpg,https://invaquangcaochuyennghiep.com/upload/img/products/lam-bien-bang-hieu-ten-cong-ty-cuc-dep-1.jpg,bảng hiệu công ty
[bảng hiệu công ty] 66.jpg,https://lh3.googleusercontent.com/proxy/esup_uNigJxB6O8SufBD_F03AFvu2C2899MN0JMjFzB5G4B3CtS4Khbut8-oZzAH3ICviohkf8OPatADzfUKouykueGjFf0w3pz9dL7sgf1YyQ8WqogmOL328NKwb3VqRFDxs_A-q3gqZlChd1TsCYA,bảng hiệu công ty
[bảng hiệu công ty] 67.jpg,https://banghieuminhkhang.com/upload/sanpham/bang-hieu/bien-quang-cao-cong-ty-13.jpg,bảng hiệu công ty
[bảng hiệu công ty] 68.jpg,https://banghieualu.com.vn/wp-content/uploads/2018/12/bang-cong-ty-dep-inox.jpg,bảng hiệu công ty
[bảng hiệu công ty] 69.jpg,https://www.banghieungoaitroi.com/upload/hinhanh/bang-hieu-cong-ty-song-viet139.jpg,bảng hiệu công ty
[bảng hiệu công ty] 70.jpg,https://thegioibienquangcao.com/wp-content/uploads/2018/07/bien-inox-in-UV.jpg,bảng hiệu công ty
[bảng hiệu công ty] 71.jpg,https://quangcaophang.com/uploads/page/bang-alu-chu-noi-mica-2.jpg,bảng hiệu công ty
[bảng hiệu công ty] 72.jpg,https://quangcaoadv.com/wp-content/uploads/2024/03/bang-hieu-cong-ty-2.jpg,bảng hiệu công ty
[bảng hiệu công ty] 73.jpg,https://quangcaohoangkim.net/wp-content/uploads/2021/05/bien-cong-ty-bang-hieu-cong-ty-dong-in-uv-1.jpg,bảng hiệu công ty
[bảng hiệu công ty] 74.jpg,https://lambienquangcao.org/wp-content/uploads/2019/08/bien-ten-cong-ty-mica-gia-re.jpg,bảng hiệu công ty
[bảng hiệu công ty] 75.jpg,https://thietkeinanbanghieu.com/wp-content/uploads/2020/04/bang-hieu-cong-ty-xay-dung.png,bảng hiệu công ty
[bảng hiệu công ty] 76.jpg,https://trangtri360.com/wp-content/uploads/2019/04/bang-hieu-cong-ty-in-uv.jpg,bảng hiệu công ty
[bảng hiệu công ty] 78.jpg,https://quangcaominhhieu.com/wp-content/uploads/2023/02/cong-ty-lam-mat-dung-alunium-tai-thu-duc-bao-hanh-lau-nam.jpg,bảng hiệu công ty
[bảng hiệu công ty] 79.jpg,https://applus.vn/source/mau-bien-cong-ty.jpg,bảng hiệu công ty
[bảng hiệu công ty] 80.jpg,https://webxaydung.net/wp-content/uploads/2022/07/bang-hieu-cong-ty-3.jpg,bảng hiệu công ty
[bảng hiệu công ty] 81.jpg,https://sonhamica.com/wp-content/uploads/2024/04/bang-ten-cong-ty-mica.jpg,bảng hiệu công ty
[bảng hiệu công ty] 82.jpg,https://hoangkimplaza.com/wp-content/uploads/biencongty-3-1.jpg,bảng hiệu công ty
[bảng hiệu công ty] 83.jpg,https://banghieubinhthanh.vn/wp-content/uploads/2023/12/bang-hieu-cong-ty-1.jpg,bảng hiệu công ty
[bảng hiệu công ty] 84.jpg,https://trangtri360.com/wp-content/uploads/2021/03/bang-hieu-cty-xay-dung.jpg,bảng hiệu công ty
[bảng hiệu công ty] 85.jpg,https://quangcaox.vn/upload/product/27/270/thumb-bang-hieu-cong-ty-xay-dung-600x600.jpg,bảng hiệu công ty
[bảng hiệu công ty] 86.jpg,https://lambienquangcao.org/wp-content/uploads/2019/08/bien-ten-cong-ty-inox.jpg,bảng hiệu công ty
[bảng hiệu công ty] 87.jpg,https://quangcaoanphong.com/wp-content/uploads/2023/07/quy-dinh-chuan-lam-bang-hieu-cong-ty.jpg,bảng hiệu công ty
[bảng hiệu công ty] 88.jpg,https://lambienquangcao.org/wp-content/uploads/2019/08/bien-cong-ty-inox-xuoc-600x385.jpg,bảng hiệu công ty
[bảng hiệu công ty] 89.jpg,https://bangronquangcao.vn/wp-content/uploads/2022/06/Cac-Mau-bang-hieu-cong-ty-8.jpg,bảng hiệu công ty
[bảng hiệu công ty] 90.jpg,https://thegioiad.com/uploads/images/biencongty/lam-bang-hieu-cong-ty-mica-3-quan-9.jpg,bảng hiệu công ty
[bảng hiệu công ty] 91.jpg,https://bizweb.dktcdn.net/100/397/776/files/bien-hieu-cong-ty.jpg?v=1633771024290,bảng hiệu công ty
[bảng hiệu công ty] 92.jpg,https://quangcaohcm.vn/wp-content/uploads/2021/06/bang-hieu-cong-ty-mica-scaled.jpg,bảng hiệu công ty
[bảng hiệu công ty] 93.jpg,https://appro.com.vn/wp-content/uploads/2020/08/bang-cong-ty-dep-9.jpg,bảng hiệu công ty
[bảng hiệu công ty] 94.jpg,https://duyan.vn/wp-content/uploads/2023/07/bang-hieu-chat-lieu-dong.jpg,bảng hiệu công ty
[bảng hiệu công ty] 95.jpg,https://nguyenlongidea.com/wp-content/uploads/2020/09/z641889353386_38e4f3ca7ad63b3bfe98696a81087bf9.jpg,bảng hiệu công ty
[bảng hiệu công ty] 96.jpg,https://quangcaodaiviet.vn/hinhanh/tintuc/z3619897168341076bfcc0661ab5fc7d40859b0ac2f3ba.jpg,bảng hiệu công ty
[bảng hiệu công ty] 97.jpg,https://banghieucongty.com/wp-content/uploads/2018/09/banghieuctyxaydung-700x508.jpg,bảng hiệu công ty
[bảng hiệu công ty] 98.jpg,https://lambienquangcao.org/wp-content/uploads/2020/09/bien-cong-ty-alu-bac-xuoc.jpg,bảng hiệu công ty
[bảng hiệu công ty] 99.jpg,https://xuongquangcaongoclam.com/watermark/product/780x720x1/upload/product/cty19-1083.jpg,bảng hiệu công ty
[bảng hiệu công ty] 100.jpg,https://bangronquangcao.vn/wp-content/uploads/2022/06/Lam-bang-hieu-cong-ty.jpg,bảng hiệu công ty
[bảng hiệu công ty] 101.jpg,https://media.loveitopcdn.com/2143/z2388036655111-fb67ef42b9b4a6dfc2dddc14b8774877.jpg,bảng hiệu công ty
[bảng hiệu công ty] 102.jpg,https://quangcaohoangkim.net/wp-content/uploads/2021/05/bien-cong-ty-bang-hieu-cong-ty-inox-in-uv-3.jpg,bảng hiệu công ty
[bảng hiệu công ty] 103.jpg,https://biencongty.com.vn/wp-content/uploads/2020/10/bien-cong-ty-bang-mica-1.jpg,bảng hiệu công ty
[bảng hiệu công ty] 104.jpg,https://quangcaongoaitroi.vn/wp-content/uploads/2020/12/bien-hieu-cong-ty-van-phong-4.jpg,bảng hiệu công ty
[bảng hiệu công ty] 105.jpg,https://hoangkimplaza.com/wp-content/uploads/biencongty3-1-1.jpg,bảng hiệu công ty
[bảng hiệu công ty] 106.jpg,https://banghieuhcm.vn/wp-content/uploads/2020/03/thiet-ke-thi-cong-bang-hieu-quang-cao4.jpg,bảng hiệu công ty
[bảng hiệu công ty] 107.jpg,https://trangtri360.com/wp-content/uploads/2021/03/bang-hieu-cong-ty-xay-dung.jpg,bảng hiệu công ty
[bảng hiệu công ty] 108.jpg,https://bangcongty.com/wp-content/uploads/2024/07/43-rotated.jpg,bảng hiệu công ty
[bảng hiệu công ty] 110.jpg,https://inan2h.vn/wp-content/uploads/2022/08/in-bang-hieu-cong-ty-gia-re.jpg,bảng hiệu công ty
[bảng hiệu công ty] 111.jpg,https://sonhamica.com/wp-content/uploads/2022/10/bang-cong-ty.jpg,bảng hiệu công ty
[bảng hiệu công ty] 112.jpg,https://sonhamica.com/wp-content/uploads/2020/02/b%E1%BA%A3ng-c%C3%B4ng-ty-inox.jpg,bảng hiệu công ty
[bảng hiệu công ty] 113.jpg,https://banghieucongty.com/wp-content/uploads/2018/09/cty-bao-ve-700x592.jpg,bảng hiệu công ty
[bảng hiệu công ty] 114.jpg,https://saigoncpa.vn/uploads/source/BLOG/b%E1%BA%A3ng%20hi%E1%BB%87u/Bang-hieu-cong-ty-xay-dung-4.jpg,bảng hiệu công ty
[bảng hiệu công ty] 115.jpg,https://quangcaoanhtuan.com/wp-content/uploads/2019/08/T%C6%B0-V%E1%BA%A5n-K%C3%ADch-Th%C6%B0%E1%BB%9Bc-B%E1%BA%A3ng-T%C3%AAn-C%C3%B4ng-Ty-B%E1%BA%A1n-Mu%E1%BB%91n-Bi%E1%BA%BFt_-400x400.jpg,bảng hiệu công ty
[bảng hiệu công ty] 116.jpg,https://quangcao07.com/wp-content/uploads/2019/08/1_bien-cty.jpg,bảng hiệu công ty
[bảng hiệu công ty] 117.jpg,https://down-vn.img.susercontent.com/file/sg-11134201-23010-6qwlaygyqwmv72,bảng hiệu công ty
[bảng hiệu công ty] 119.jpg,https://quangcaohaiduong.vn/wp-content/uploads/2024/07/bien-mica-ten-cong-ty-1067x800.jpg,bảng hiệu công ty
[bảng hiệu công ty] 120.jpg,https://thegioibienquangcao.com/wp-content/uploads/2018/07/bien-cong-ty-mica-in-uv.jpg,bảng hiệu công ty
[bảng hiệu công ty] 121.jpg,https://azlaw.vn/wp-content/uploads/Bien_hieu_cong_ty.jpg,bảng hiệu công ty
[bảng hiệu công ty] 122.jpg,https://duyan.vn/wp-content/uploads/2023/07/bien-hieu-cong-ty-bang-kinh.jpg,bảng hiệu công ty
[bảng hiệu công ty] 123.jpg,https://banghieuviet.org/wp-content/uploads/2022/11/bang-hieu-cong-ty-xay-dung-ngoai-troi.jpg,bảng hiệu công ty
[bảng hiệu công ty] 124.jpg,https://luattanhoang.com/wp-content/uploads/2023/11/bang-hieu-duoc-xem-la-guong-mat-dai-dien-quang-ba-thuong-hieu-cua-cong-ty.jpg,bảng hiệu công ty
[bảng hiệu công ty] 125.jpg,https://quangcaox.vn/upload/product/26/267/thumb-bien-cong-ty-inox-600x600.jpg,bảng hiệu công ty
[bảng hiệu công ty] 127.jpg,https://lambienquangcaohanoi.vn/wp-content/uploads/2023/08/10.jpg,bảng hiệu công ty
[bảng hiệu công ty] 128.jpg,https://quangcaohoangkim.net/wp-content/uploads/2021/05/bien-cong-ty-bang-hieu-cong-ty-kinh-dan-decal-1.jpg,bảng hiệu công ty
[bảng hiệu công ty] 129.jpg,https://congty3m.com/wp-content/uploads/lam-bang-hieu/bang-hieu-cong-ty/bang-hieu-quang-cao-cong-ty.jpg,bảng hiệu công ty
[bảng hiệu công ty] 130.jpg,https://banghieuminhkhang.com/thumbs/large/sanpham/bang-hieu-3/bang-hieu-cong-ty-xay-dung-3.jpg,bảng hiệu công ty
[bảng hiệu công ty] 131.jpg,https://bangronquangcao.vn/wp-content/uploads/2022/06/Lam-bang-hieu-cong-ty-3.jpg,bảng hiệu công ty
[bảng hiệu công ty] 134.jpg,https://media.bizwebmedia.net/sites/90641/data/Upload/2020/4/bien_iox_6.jpg,bảng hiệu công ty
[bảng hiệu công ty] 135.jpg,https://inan2h.vn/wp-content/uploads/2022/08/bang-hieu-cong-ty-11.jpg,bảng hiệu công ty
[bảng hiệu công ty] 136.jpg,https://nguyenlongidea.com/wp-content/uploads/2020/09/bang-hieu-alu-8.png,bảng hiệu công ty
[bảng hiệu công ty] 138.jpg,https://cheapadv247.com/wp-content/uploads/2019/12/unnamed-file.jpg,bảng hiệu công ty
[bảng hiệu công ty] 139.jpg,https://dichvuthanhlap.com/mup/uploads/2016/11/l%C3%A0m-b%E1%BA%A3ng-hi%E1%BB%87u-c%C3%B4ng-ty-gi%C3%A1-r%E1%BA%BB.jpg,bảng hiệu công ty
[bảng hiệu công ty] 140.jpg,https://chohanghoa.com.vn/wp-content/uploads/2022/07/bang-hieu-cong-ty-12.jpg,bảng hiệu công ty
[bảng hiệu công ty] 141.jpg,https://quangcaox.vn/upload/product/26/268/thumb-bang-cong-ty-bang-dong-600x600.jpg,bảng hiệu công ty
[bảng hiệu công ty] 142.jpg,https://banghieusaigon.com/upload/bang-hieu-quang-cao-cong-ty-tai-binh-duong.jpg,bảng hiệu công ty
[bảng hiệu công ty] 143.jpg,https://bienhieuniemtin.com/wp-content/uploads/2023/04/Bang-hieu-cong-ty-inox-1.jpg,bảng hiệu công ty
[bảng hiệu công ty] 144.jpg,https://webxaydung.net/wp-content/uploads/2022/07/bang-hieu-cong-ty-6.jpg,bảng hiệu công ty
[bảng hiệu công ty] 145.jpg,https://quangcaotaybac.com/wp-content/uploads/2023/07/bang-hieu-cong-ty-5.jpg,bảng hiệu công ty
[bảng hiệu công ty] 146.jpg,https://quangcaoiq.vn/wp-content/uploads/2024/01/bien-quang-cao-cong-ty-du-lich.jpg,bảng hiệu công ty
[bảng hiệu công ty] 147.jpg,https://dangquangad.com/wp-content/uploads/2015/12/lam-bang-hieu-cong-ty-bang-mica-dan-decal-4.jpg,bảng hiệu công ty
[bảng hiệu công ty] 148.jpg,https://nguyenbadesign.com/wp-content/uploads/2013/08/lam-bang-hieu-cong-ty-inox-an-mon-tai-TPHCM.jpg,bảng hiệu công ty
[bảng hiệu công ty] 149.jpg,https://media.loveitopcdn.com/2143/z2296251231540-cbdaab6a116277af39f9b428d8a0245b.jpg,bảng hiệu công ty
[bảng hiệu công ty] 150.jpg,https://invaquangcaochuyennghiep.com/upload/images/lam-bien-bang-hieu-ten-cong-ty-cuc-dep-4.jpg,bảng hiệu công ty
[bảng hiệu công ty] 151.jpg,https://chohanghoa.com.vn/wp-content/uploads/2022/07/bang-hieu-cong-ty-9.jpg,bảng hiệu công ty
[bảng hiệu công ty] 152.jpg,https://invaquangcaochuyennghiep.com/upload/images/lam-bien-bang-hieu-ten-cong-ty-mica-in-uv-5.jpg,bảng hiệu công ty
[bảng hiệu công ty] 153.jpg,https://solution.com.vn/upload_images/images/2017-Bo-nhan-dien-thuong-hieu/GM/bien-hieu/thiet-ke-bien-hieu-cong-ty-xay-dung-GM-1.jpg,bảng hiệu công ty
[bảng hiệu công ty] 154.jpg,https://saigoncpa.vn/uploads/source/BLOG/b%E1%BA%A3ng%20hi%E1%BB%87u/Bang-hieu-cong-ty-xay-dung-2.jpg,bảng hiệu công ty
[bảng hiệu công ty] 155.jpg,https://trangtriquangcao.com/wp-content/uploads/2021/03/bang-hieu-cong-ty.jpg,bảng hiệu công ty
[bảng hiệu công ty] 156.jpg,https://lambienhieu.vn/wp-content/uploads/2020/05/bien-hieu-cong-ty-xay-dung-9.jpg,bảng hiệu công ty
[bảng hiệu công ty] 157.jpg,https://sonhamica.com/wp-content/uploads/2021/06/bien-ten-cong-ty-inox-vang-xuot.jpg,bảng hiệu công ty
[bảng hiệu công ty] 158.jpg,https://invaquangcaochuyennghiep.com/upload/images/lam-bien-bang-hieu-ten-cong-ty-cuc-dep-3(1).jpg,bảng hiệu công ty
[bảng hiệu công ty] 159.jpg,https://lambienquangcaohanoi.vn/wp-content/uploads/2023/08/9.jpg,bảng hiệu công ty
[bảng hiệu công ty] 160.jpg,https://webxaydung.net/wp-content/uploads/2022/07/bang-hieu-cong-ty-18.jpg,bảng hiệu công ty
[bảng hiệu công ty] 162.jpg,https://vdesign.vn/wp-content/uploads/2021/08/Vuong-1-600x600.jpg,bảng hiệu công ty
[bảng hiệu công ty] 163.jpg,https://quangcaobencat.com.vn/watermark/product/540x540x1/upload/product/6-8319.jpg,bảng hiệu công ty
[bảng hiệu công ty] 164.jpg,https://vietadv.net/wp-content/uploads/2021/05/Bang-hieu-cong-ty-la-gi.jpg,bảng hiệu công ty
[bảng hiệu công ty] 166.jpg,https://cdn.diemnhangroup.com/noithatdiemnhan/2023/10/bang-hieu-cong-ty-xay-dung-15.jpg,bảng hiệu công ty
[bảng hiệu công ty] 167.jpg,https://ingiarebinhduong.com.vn/uploads/images/bang-hieu-quang-cao/bang-hieu-cong-ty-binh-duong-4.jpg,bảng hiệu công ty
[bảng hiệu công ty] 168.jpg,https://appro.com.vn/wp-content/uploads/2020/08/bang-cong-ty-dep-7.jpg,bảng hiệu công ty
[bảng hiệu công ty] 169.jpg,https://banghieuminhkhang.com/upload/sanpham/bang-hieu/bien-quang-cao-cong-ty-inox-1.jpg,bảng hiệu công ty
[bảng hiệu công ty] 170.jpg,https://inan2h.vn/wp-content/uploads/2022/08/bang-hieu-cong-ty-1.jpg,bảng hiệu công ty
[bảng hiệu công ty] 171.jpg,https://quangcaoanphong.com/wp-content/uploads/2023/07/lam-bang-hieu-cong-ty-1-1.jpg,bảng hiệu công ty
[bảng hiệu công ty] 172.jpg,https://nguyenlongidea.com/wp-content/uploads/2020/09/kisspng-hairstyle-long-hair-woman-vector-hair-5b4a6ca17524d2.7289216915316041294798.jpg,bảng hiệu công ty
[bảng hiệu công ty] 173.jpg,https://hoangkimplaza.com/wp-content/uploads/bang-cong-ty-mica.jpg,bảng hiệu công ty
[bảng hiệu công ty] 174.jpg,https://inan2h.vn/wp-content/uploads/2022/08/bang-hieu-cong-ty-9.jpg,bảng hiệu công ty
[bảng hiệu công ty] 175.jpg,https://xebanhangdidong.com/upload/images/L%C3%A0m%20b%E1%BA%A3ng%20hi%E1%BB%87u'''''''.jpg,bảng hiệu công ty
[bảng hiệu công ty] 176.jpg,https://sangtaodecor.vn/uploads/tiny_uploads/BANG%20HIEU/thi%E1%BA%BFt%20k%E1%BA%BF%20thi%20c%C3%B4ng%20b%E1%BA%A3ng%20hi%E1%BB%87u%20c%C3%B4ng%20ty01.jpg,bảng hiệu công ty
[bảng hiệu công ty] 177.jpg,https://saigoncpa.vn/uploads/source/BLOG/b%E1%BA%A3ng%20hi%E1%BB%87u/mau-bang-hieu-cong-ty-1.jpg,bảng hiệu công ty
[bảng hiệu công ty] 178.jpg,https://sanpham.nhanmac3a.vn/wp-content/uploads/2020/07/bien-cong-ty-inox-vang-15.jpg,bảng hiệu công ty
[bảng hiệu công ty] 179.jpg,https://cdn.thuvienphapluat.vn/uploads/Hoidapphapluat/2024/LTN/thang4/bang-hieu-cong-ty.jpg,bảng hiệu công ty
[bảng hiệu công ty] 181.jpg,https://inuvdp.com/wp-content/uploads/2023/11/bang-hieu-cong-ty-2.jpg,bảng hiệu công ty
[bảng hiệu công ty] 182.jpg,https://solution.com.vn/upload_images/images/2017-Bo-nhan-dien-thuong-hieu/GM/bien-hieu/thiet-ke-bien-quang-cao-cong-ty-xay-dung-GM-2.jpg,bảng hiệu công ty
[bảng hiệu công ty] 183.jpg,https://down-vn.img.susercontent.com/file/sg-11134201-23010-1nuh31gyqwmva8,bảng hiệu công ty
[bảng hiệu công ty] 184.jpg,https://treobangron.com.vn/wp-content/uploads/2022/06/biencongty.jpg,bảng hiệu công ty
[bảng hiệu công ty] 185.jpg,https://nguyenlongidea.com/wp-content/uploads/2018/07/B%E1%BA%A2NG-HI%E1%BB%86U-INOX-CTY-19.jpg,bảng hiệu công ty
[bảng hiệu công ty] 186.jpg,https://quangcaodaiviet.vn/hinhanh/danhmuc/lam-bien-cong-ty-21.jpg,bảng hiệu công ty
[bảng hiệu công ty] 188.jpg,https://quangcaoanphong.com/wp-content/uploads/2023/07/lam-bang-hieu-cong-ty.jpg,bảng hiệu công ty
[bảng hiệu công ty] 189.jpg,https://cheapadv247.com/wp-content/uploads/2019/12/bang-hieu-ngan-hang-inox-2-1024x768.jpg,bảng hiệu công ty
[bảng hiệu công ty] 190.jpg,https://quangcaotaybac.com/wp-content/uploads/2023/07/bang-hieu-cong-ty-1.jpg,bảng hiệu công ty
[bảng hiệu công ty] 191.jpg,https://xebanhangdidong.com/upload/sanpham/1-6564.jpg,bảng hiệu công ty
[bảng hiệu công ty] 192.jpg,https://invaquangcaochuyennghiep.com/upload/images/lam-bien-bang-hieu-ten-cong-ty-inox-an-mon-noi-khoi-3d-3.jpg,bảng hiệu công ty
[bảng hiệu công ty] 193.jpg,https://phuongtoan.vn/upload/product/banghieuinox1-7360.jpg,bảng hiệu công ty
[bảng hiệu công ty] 195.jpg,https://trangtri360.com/wp-content/uploads/2021/03/bien-hieu-cong-ty-xdung.jpg,bảng hiệu công ty
[bảng hiệu công ty] 196.jpg,https://banghieucongty.com/wp-content/uploads/2018/09/bang-hieu-cty-bao-ve1-700x402.jpg,bảng hiệu công ty
[bảng hiệu công ty] 197.jpg,https://banghieu365.com/wp-content/uploads/2021/03/15-mau-bien-hieu-cong-ty-dep-nhat-31.jpg,bảng hiệu công ty
[bảng hiệu công ty] 198.jpg,https://quangcaohoangkim.net/wp-content/uploads/2021/05/bien-cong-ty-bang-hieu-cong-ty-dong-an-mon-1.jpg,bảng hiệu công ty
[bảng hiệu công ty] 200.jpg,https://xebanhangdidong.com/upload/hinhthem/8-7034.jpg,bảng hiệu công ty
[bảng hiệu spa] 0.jpg,https://shopbienquangcao.com/wp-content/uploads/2023/08/bang-hieu-spa-chu-noi-mica.jpg,bảng hiệu spa
[bảng hiệu spa] 1.jpg,https://pendecor.vn/uploads/files/2021/03/12/thiet-ke-bang-hieu-spa-4.jpg,bảng hiệu spa
[bảng hiệu spa] 2.jpg,https://banghieuminhkhang.com/upload/sanpham/bien-quang-cao-spa-tham-my-vien-2.jpg,bảng hiệu spa
[bảng hiệu spa] 3.jpg,https://appro.com.vn/wp-content/uploads/2023/05/pikvip.com_bienbang_0161-600x580.jpg,bảng hiệu spa
[bảng hiệu spa] 4.jpg,https://trangtri360.com/wp-content/uploads/2022/10/mau-bien-spa-dep-1.jpg,bảng hiệu spa
[bảng hiệu spa] 5.jpg,https://giahuyad.com/upload/product/bien-3d-4263.jpg,bảng hiệu spa
